site,as_of,horizon,cases,seasons,mean_ess,rps,rps_clim,rpss,brier,brier_clim,bss,accuracy,accuracy_clim,crpss_precip_mm,crpss_gdd,crpss_kdd_29c,crpss_heat_days,crpss_water_deficit_mm
Ames,05-01,30,6,6,3.3,0.3237,0.2267,-0.428,0.8262,0.6933,-0.192,0.167,0.333,-0.244,0.009,0.242,-0.087,-0.198
Ames,05-01,60,6,6,3.3,0.1953,0.2267,0.138,0.6701,0.6933,0.033,0.5,0.333,0.424,-0.054,0.096,0.125,0.368
Ames,05-01,90,6,6,3.3,0.2379,0.2267,-0.05,0.545,0.6933,0.214,0.333,0.333,0.313,0.119,0.012,0.038,0.297
Ames,05-01,season,6,6,3.3,0.3459,0.2267,-0.526,0.9265,0.6933,-0.336,0.167,0.333,0.001,-0.092,-0.06,-0.053,0.016
Ames,05-15,30,6,6,3.3,0.2699,0.2267,-0.191,0.9405,0.6933,-0.356,0.333,0.333,0.19,-0.107,-0.258,-0.175,0.165
Ames,05-15,60,6,6,3.3,0.1768,0.2267,0.22,0.715,0.6933,-0.031,0.667,0.333,0.133,-0.215,-0.217,-0.232,0.149
Ames,05-15,90,6,6,3.3,0.2626,0.2267,-0.159,0.794,0.6933,-0.145,0.0,0.333,0.048,-0.201,-0.197,0.086,0.087
Ames,05-15,season,6,6,3.3,0.2626,0.2267,-0.159,0.794,0.6933,-0.145,0.0,0.333,-0.073,-0.021,-0.277,0.132,-0.028
Ames,06-01,30,6,6,3.2,0.1792,0.2267,0.209,0.4674,0.6933,0.326,0.667,0.333,-0.249,-0.121,-0.292,-0.378,-0.211
Ames,06-01,60,6,6,3.2,0.233,0.2267,-0.028,0.7929,0.6933,-0.144,0.5,0.333,-0.153,-0.306,-0.222,-0.45,-0.099
Ames,06-01,90,6,6,3.2,0.2276,0.2267,-0.004,0.8547,0.6933,-0.233,0.5,0.333,-0.174,-0.216,-0.074,-0.487,-0.116
Ames,06-01,season,6,6,3.2,0.2276,0.2267,-0.004,0.8547,0.6933,-0.233,0.5,0.333,-0.039,-0.216,-0.172,-0.396,-0.036
Ames,06-15,30,6,6,3.4,0.1609,0.2267,0.29,0.5741,0.6933,0.172,0.5,0.333,0.087,-0.015,-0.096,-0.456,0.049
Ames,06-15,60,6,6,3.4,0.2455,0.2267,-0.083,0.8125,0.6933,-0.172,0.333,0.333,-0.107,-0.11,-0.216,-0.155,-0.127
Ames,06-15,90,6,6,3.4,0.2338,0.2267,-0.031,0.7838,0.6933,-0.13,0.333,0.333,-0.03,-0.31,-0.266,-0.281,-0.028
Ames,06-15,season,6,6,3.4,0.2455,0.2267,-0.083,0.8125,0.6933,-0.172,0.333,0.333,-0.074,-0.221,-0.164,-0.281,-0.086
Ames,07-01,30,6,6,3.3,0.0964,0.2433,0.604,0.2538,0.6267,0.595,1.0,0.417,-0.327,-0.274,-0.047,-0.198,-0.263
Ames,07-01,60,6,6,3.3,0.3569,0.2267,-0.574,1.0336,0.6933,-0.491,0.167,0.333,-0.227,-0.0,-0.01,-0.392,-0.224
Ames,07-01,90,6,6,3.3,0.3569,0.2267,-0.574,1.0336,0.6933,-0.491,0.167,0.333,-0.222,-0.068,0.042,-0.325,-0.195
Ames,07-01,season,6,6,3.3,0.3569,0.2267,-0.574,1.0336,0.6933,-0.491,0.167,0.333,-0.264,-0.251,0.019,-0.325,-0.244
Ames,07-15,30,6,6,3.0,0.1909,0.2267,0.158,0.4894,0.6933,0.294,0.667,0.333,-0.022,-0.178,-0.108,-0.315,-0.08
Ames,07-15,60,6,6,3.0,0.2621,0.2433,-0.077,0.6791,0.6267,-0.084,0.5,0.417,-0.003,-0.119,-0.063,-0.247,0.009
Ames,07-15,90,6,6,3.0,0.2621,0.2433,-0.077,0.6791,0.6267,-0.084,0.5,0.417,0.06,-0.148,-0.029,-0.247,0.039
Ames,07-15,season,6,6,3.0,0.2621,0.2433,-0.077,0.6791,0.6267,-0.084,0.5,0.417,0.061,-0.167,-0.029,-0.247,0.041
Ames,08-01,30,6,6,2.9,0.0839,0.2267,0.63,0.3887,0.6933,0.439,0.667,0.333,0.245,0.051,-0.142,0.02,0.244
Ames,08-01,60,6,6,2.9,0.1397,0.2267,0.384,0.5649,0.6933,0.185,0.5,0.333,0.208,-0.116,-0.092,0.0,0.175
Ames,08-01,90,6,6,2.9,0.1397,0.2267,0.384,0.5649,0.6933,0.185,0.5,0.333,0.274,-0.182,-0.092,0.0,0.271
Ames,08-01,season,6,6,2.9,0.1397,0.2267,0.384,0.5649,0.6933,0.185,0.5,0.333,0.18,-0.231,-0.092,0.0,0.146
Ames,08-15,30,6,6,2.8,0.4508,0.2267,-0.989,1.1789,0.6933,-0.7,0.0,0.333,-0.059,0.035,-0.382,-0.482,-0.062
Ames,08-15,60,6,6,2.8,0.4325,0.2267,-0.908,1.1402,0.6933,-0.644,0.0,0.333,-0.13,-0.263,-0.26,-0.482,-0.132
Ames,08-15,90,6,6,2.8,0.4325,0.2267,-0.908,1.1402,0.6933,-0.644,0.0,0.333,-0.43,-0.051,-0.26,-0.482,-0.41
Ames,08-15,season,6,6,2.8,0.4325,0.2267,-0.908,1.1402,0.6933,-0.644,0.0,0.333,-0.131,-0.27,-0.26,-0.482,-0.131
Crawfordsville,05-01,30,6,6,3.5,0.1685,0.2267,0.257,0.5866,0.6933,0.154,0.5,0.333,0.013,-0.017,0.289,0.452,-0.093
Crawfordsville,05-01,60,6,6,3.5,0.319,0.2267,-0.407,0.9614,0.6933,-0.387,0.167,0.333,-0.081,0.01,0.161,0.064,-0.127
Crawfordsville,05-01,90,6,6,3.5,0.319,0.2267,-0.407,0.9614,0.6933,-0.387,0.167,0.333,-0.155,0.15,0.361,-0.002,-0.092
Crawfordsville,05-01,season,6,6,3.5,0.319,0.2267,-0.407,0.9614,0.6933,-0.387,0.167,0.333,-0.298,-0.25,0.129,-0.061,-0.348
Crawfordsville,05-15,30,6,6,2.8,0.2879,0.2267,-0.27,0.9553,0.6933,-0.378,0.167,0.333,-0.074,-0.327,-0.296,-0.328,-0.056
Crawfordsville,05-15,60,6,6,2.8,0.2462,0.2267,-0.086,0.9412,0.6933,-0.357,0.333,0.333,0.596,-0.147,-0.162,-0.087,0.605
Crawfordsville,05-15,90,6,6,2.8,0.2097,0.21,0.002,0.8706,0.76,-0.146,0.333,0.25,0.599,-0.054,-0.1,-0.028,0.543
Crawfordsville,05-15,season,6,6,2.8,0.2097,0.21,0.002,0.8706,0.76,-0.146,0.333,0.25,0.014,-0.11,-0.141,0.396,0.074
Crawfordsville,06-01,30,6,6,3.0,0.1943,0.2267,0.143,0.6798,0.6933,0.02,0.5,0.333,0.191,-0.281,-0.404,-0.113,0.205
Crawfordsville,06-01,60,6,6,3.0,0.1919,0.2267,0.153,0.697,0.6933,-0.005,0.667,0.333,0.161,0.086,-0.156,-0.179,0.204
Crawfordsville,06-01,90,6,6,3.0,0.1943,0.2267,0.143,0.6798,0.6933,0.02,0.5,0.333,-0.072,-0.189,-0.263,-0.142,0.007
Crawfordsville,06-01,season,6,6,3.0,0.1943,0.2267,0.143,0.6798,0.6933,0.02,0.5,0.333,-0.297,-0.123,-0.171,-0.093,-0.256
Crawfordsville,06-15,30,6,6,2.4,0.3116,0.2267,-0.375,0.8276,0.6933,-0.194,0.333,0.333,-0.258,-0.045,-0.164,-0.484,-0.274
Crawfordsville,06-15,60,6,6,2.4,0.3492,0.21,-0.663,1.1836,0.76,-0.557,0.167,0.25,-0.35,0.157,-0.263,-0.261,-0.354
Crawfordsville,06-15,90,6,6,2.4,0.3027,0.2267,-0.335,0.9369,0.6933,-0.351,0.333,0.333,-0.108,-0.012,-0.27,0.149,-0.086
Crawfordsville,06-15,season,6,6,2.4,0.3027,0.2267,-0.335,0.9369,0.6933,-0.351,0.333,0.333,-0.034,-0.247,-0.016,0.083,0.02
Crawfordsville,07-01,30,6,6,3.3,0.1909,0.2433,0.216,0.5442,0.6267,0.132,0.5,0.417,0.204,0.156,-0.066,0.218,0.284
Crawfordsville,07-01,60,6,6,3.3,0.1666,0.2267,0.265,0.4884,0.6933,0.296,0.667,0.333,-0.006,0.125,-0.352,-0.31,0.163
Crawfordsville,07-01,90,6,6,3.3,0.1639,0.2267,0.277,0.4833,0.6933,0.303,0.667,0.333,-0.214,-0.313,-0.174,-0.307,-0.152
Crawfordsville,07-01,season,6,6,3.3,0.1639,0.2267,0.277,0.4833,0.6933,0.303,0.667,0.333,-0.106,-0.301,-0.17,-0.264,-0.055
Crawfordsville,07-15,30,6,6,3.0,0.4369,0.2433,-0.796,1.1085,0.6267,-0.769,0.0,0.417,-0.522,-0.086,-0.362,0.242,-0.511
Crawfordsville,07-15,60,6,6,3.0,0.4073,0.2267,-0.797,1.17,0.6933,-0.687,0.167,0.333,-0.157,-0.404,-0.007,-0.424,-0.131
Crawfordsville,07-15,90,6,6,3.0,0.4078,0.2267,-0.799,1.1895,0.6933,-0.716,0.167,0.333,-0.079,-0.285,0.072,-0.384,-0.074
Crawfordsville,07-15,season,6,6,3.0,0.4078,0.2267,-0.799,1.1895,0.6933,-0.716,0.167,0.333,-0.078,-0.279,0.072,-0.384,-0.073
Crawfordsville,08-01,30,6,6,2.8,0.2074,0.2433,0.148,0.5272,0.6267,0.159,0.667,0.417,-0.11,-0.193,0.042,-0.528,-0.179
Crawfordsville,08-01,60,6,6,2.8,0.2506,0.2267,-0.106,0.703,0.6933,-0.014,0.667,0.333,-0.005,-0.5,0.085,-0.461,-0.023
Crawfordsville,08-01,90,6,6,2.8,0.2506,0.2267,-0.106,0.703,0.6933,-0.014,0.667,0.333,0.038,-0.402,0.133,-0.461,0.02
Crawfordsville,08-01,season,6,6,2.8,0.2506,0.2267,-0.106,0.703,0.6933,-0.014,0.667,0.333,0.036,-0.473,0.133,-0.461,0.022
Crawfordsville,08-15,30,6,6,3.1,0.2747,0.2267,-0.212,0.6983,0.6933,-0.007,0.333,0.333,-0.032,-0.105,-0.086,0.157,-0.012
Crawfordsville,08-15,60,6,6,3.1,0.2747,0.2267,-0.212,0.6983,0.6933,-0.007,0.333,0.333,-0.059,-0.216,-0.04,0.057,-0.083
Crawfordsville,08-15,90,6,6,3.1,0.2747,0.2267,-0.212,0.6983,0.6933,-0.007,0.333,0.333,0.019,-0.157,-0.041,0.057,-0.026
Crawfordsville,08-15,season,6,6,3.1,0.2747,0.2267,-0.212,0.6983,0.6933,-0.007,0.333,0.333,-0.058,-0.216,-0.04,0.057,-0.082
Lincoln,05-01,30,6,6,3.0,0.276,0.2267,-0.218,0.8027,0.6933,-0.158,0.333,0.333,-0.398,-0.158,0.061,0.227,-0.278
Lincoln,05-01,60,6,6,3.0,0.243,0.2267,-0.072,0.7941,0.6933,-0.145,0.333,0.333,-0.194,-0.159,0.039,-0.024,-0.15
Lincoln,05-01,90,6,6,3.0,0.2232,0.2267,0.015,0.7658,0.6933,-0.105,0.5,0.333,-0.344,-0.111,0.279,0.126,-0.154
Lincoln,05-01,season,6,6,3.0,0.2085,0.2267,0.08,0.7749,0.6933,-0.118,0.5,0.333,-0.217,-0.196,-0.144,-0.143,-0.169
Lincoln,05-15,30,6,6,2.7,0.2802,0.2433,-0.151,0.8172,0.6267,-0.304,0.333,0.417,0.008,-0.11,-0.348,-0.241,0.226
Lincoln,05-15,60,6,6,2.7,0.3246,0.2267,-0.432,0.9475,0.6933,-0.367,0.333,0.333,-0.34,-0.387,-0.329,-0.217,-0.231
Lincoln,05-15,90,6,6,2.7,0.2658,0.2267,-0.173,0.876,0.6933,-0.263,0.333,0.333,-0.156,-0.412,-0.262,-0.164,-0.122
Lincoln,05-15,season,6,6,2.7,0.277,0.2267,-0.222,0.9073,0.6933,-0.309,0.0,0.333,-0.39,-0.37,0.052,0.039,-0.356
Lincoln,06-01,30,6,6,3.2,0.2637,0.2267,-0.163,0.8278,0.6933,-0.194,0.333,0.333,-0.349,-0.247,-0.225,-0.167,-0.317
Lincoln,06-01,60,6,6,3.2,0.3584,0.2267,-0.581,1.0382,0.6933,-0.497,0.0,0.333,-0.087,-0.214,-0.274,-0.276,-0.105
Lincoln,06-01,90,6,6,3.2,0.3636,0.2433,-0.494,0.8526,0.6267,-0.361,0.167,0.417,0.185,0.08,0.099,0.009,0.001
Lincoln,06-01,season,6,6,3.2,0.3636,0.2433,-0.494,0.8526,0.6267,-0.361,0.167,0.417,-0.205,-0.193,0.076,0.07,-0.227
Lincoln,06-15,30,6,6,3.0,0.3114,0.2267,-0.374,0.8675,0.6933,-0.251,0.333,0.333,0.352,-0.384,-0.227,-0.222,0.292
Lincoln,06-15,60,6,6,3.0,0.3761,0.2267,-0.659,1.0643,0.6933,-0.535,0.167,0.333,-0.112,0.117,-0.286,-0.284,-0.231
Lincoln,06-15,90,6,6,3.0,0.4047,0.2433,-0.663,0.9948,0.6267,-0.587,0.0,0.417,0.047,0.074,-0.331,-0.288,-0.044
Lincoln,06-15,season,6,6,3.0,0.4047,0.2433,-0.663,0.9948,0.6267,-0.587,0.0,0.417,-0.133,-0.135,-0.286,-0.23,-0.18
Lincoln,07-01,30,6,6,2.9,0.3785,0.2267,-0.67,0.8533,0.6933,-0.231,0.333,0.333,-0.384,0.14,0.303,-0.221,-0.388
Lincoln,07-01,60,6,6,2.9,0.3113,0.2267,-0.373,0.9491,0.6933,-0.369,0.167,0.333,-0.135,-0.048,-0.185,-0.17,-0.218
Lincoln,07-01,90,6,6,2.9,0.3113,0.2267,-0.373,0.9491,0.6933,-0.369,0.167,0.333,-0.14,0.051,-0.193,-0.165,-0.163
Lincoln,07-01,season,6,6,2.9,0.3113,0.2267,-0.373,0.9491,0.6933,-0.369,0.167,0.333,-0.182,-0.072,-0.204,-0.172,-0.186
Lincoln,07-15,30,6,6,3.6,0.2799,0.2267,-0.235,0.6326,0.6933,0.088,0.333,0.333,-0.16,-0.006,-0.019,-0.06,-0.189
Lincoln,07-15,60,6,6,3.6,0.2799,0.2267,-0.235,0.6326,0.6933,0.088,0.333,0.333,-0.218,-0.208,-0.437,-0.367,-0.237
Lincoln,07-15,90,6,6,3.6,0.2799,0.2267,-0.235,0.6326,0.6933,0.088,0.333,0.333,-0.328,-0.301,-0.426,-0.362,-0.327
Lincoln,07-15,season,6,6,3.6,0.2799,0.2267,-0.235,0.6326,0.6933,0.088,0.333,0.333,-0.33,-0.309,-0.426,-0.362,-0.333
Lincoln,08-01,30,6,6,3.5,0.3177,0.21,-0.513,1.0075,0.76,-0.326,0.0,0.25,0.172,-0.186,-0.241,-0.213,0.028
Lincoln,08-01,60,6,6,3.5,0.3391,0.2267,-0.496,0.9631,0.6933,-0.389,0.167,0.333,-0.181,-0.3,-0.179,-0.102,-0.205
Lincoln,08-01,90,6,6,3.5,0.3391,0.2267,-0.496,0.9631,0.6933,-0.389,0.167,0.333,-0.212,-0.355,-0.173,-0.102,-0.228
Lincoln,08-01,season,6,6,3.5,0.3391,0.2267,-0.496,0.9631,0.6933,-0.389,0.167,0.333,-0.229,-0.345,-0.174,-0.102,-0.241
Lincoln,08-15,30,6,6,2.7,0.2549,0.21,-0.214,0.9581,0.76,-0.261,0.167,0.25,-0.122,-0.289,-0.277,-0.359,-0.161
Lincoln,08-15,60,6,6,2.7,0.2451,0.21,-0.167,0.8961,0.76,-0.179,0.167,0.25,-0.23,-0.315,-0.19,-0.185,-0.237
Lincoln,08-15,90,6,6,2.7,0.2451,0.21,-0.167,0.8961,0.76,-0.179,0.167,0.25,-0.333,-0.148,-0.184,-0.185,-0.326
Lincoln,08-15,season,6,6,2.7,0.2451,0.21,-0.167,0.8961,0.76,-0.179,0.167,0.25,-0.231,-0.3,-0.19,-0.185,-0.237
MOValley,05-01,30,6,6,2.8,0.3027,0.2267,-0.336,0.9032,0.6933,-0.303,0.5,0.333,-0.329,-0.243,0.094,0.245,-0.339
MOValley,05-01,60,6,6,2.8,0.2749,0.2267,-0.213,0.763,0.6933,-0.1,0.333,0.333,-0.31,-0.293,-0.075,-0.06,-0.398
MOValley,05-01,90,6,6,2.8,0.2832,0.2267,-0.249,0.7794,0.6933,-0.124,0.5,0.333,-0.122,-0.245,-0.059,0.031,-0.236
MOValley,05-01,season,6,6,2.8,0.3156,0.2267,-0.392,0.8643,0.6933,-0.247,0.5,0.333,-0.187,-0.326,-0.326,-0.309,-0.212
MOValley,05-15,30,6,6,3.5,0.148,0.21,0.295,0.5974,0.76,0.214,0.333,0.25,-0.064,-0.215,-0.2,-0.269,-0.13
MOValley,05-15,60,6,6,3.5,0.3124,0.2433,-0.284,0.7533,0.6267,-0.202,0.167,0.417,0.139,-0.1,-0.116,-0.121,0.17
MOValley,05-15,90,6,6,3.5,0.3863,0.2267,-0.704,1.0229,0.6933,-0.475,0.0,0.333,-0.17,-0.176,-0.174,-0.161,-0.174
MOValley,05-15,season,6,6,3.5,0.3863,0.2267,-0.704,1.0229,0.6933,-0.475,0.0,0.333,0.081,-0.036,-0.226,0.101,0.077
MOValley,06-01,30,6,6,2.8,0.3817,0.2267,-0.684,0.9818,0.6933,-0.416,0.167,0.333,-0.158,-0.25,-0.171,-0.242,-0.184
MOValley,06-01,60,6,6,2.8,0.2633,0.2267,-0.162,0.6035,0.6933,0.13,0.5,0.333,-0.1,-0.219,-0.23,-0.202,-0.12
MOValley,06-01,90,6,6,2.8,0.2565,0.2267,-0.132,0.5906,0.6933,0.148,0.5,0.333,-0.19,-0.322,-0.28,-0.089,-0.179
MOValley,06-01,season,6,6,2.8,0.2565,0.2267,-0.132,0.5906,0.6933,0.148,0.5,0.333,-0.144,-0.115,-0.188,-0.103,-0.143
MOValley,06-15,30,6,6,2.8,0.0758,0.2267,0.666,0.237,0.6933,0.658,1.0,0.333,0.352,-0.25,-0.129,-0.192,0.343
MOValley,06-15,60,6,6,2.8,0.1309,0.2267,0.422,0.4549,0.6933,0.344,0.833,0.333,-0.046,-0.014,0.069,-0.222,-0.062
MOValley,06-15,90,6,6,2.8,0.0758,0.2267,0.666,0.237,0.6933,0.658,1.0,0.333,0.222,-0.013,-0.176,-0.109,0.175
MOValley,06-15,season,6,6,2.8,0.0758,0.2267,0.666,0.237,0.6933,0.658,1.0,0.333,-0.067,-0.14,-0.303,-0.176,-0.073
MOValley,07-01,30,6,6,3.2,0.2697,0.2267,-0.19,0.8935,0.6933,-0.289,0.333,0.333,-0.285,0.092,0.429,0.343,-0.241
MOValley,07-01,60,6,6,3.2,0.2321,0.2267,-0.024,0.8046,0.6933,-0.16,0.333,0.333,0.023,-0.073,-0.121,-0.005,-0.028
MOValley,07-01,90,6,6,3.2,0.2321,0.2267,-0.024,0.8046,0.6933,-0.16,0.333,0.333,-0.172,0.033,-0.173,-0.064,-0.197
MOValley,07-01,season,6,6,3.2,0.2321,0.2267,-0.024,0.8046,0.6933,-0.16,0.333,0.333,-0.202,-0.178,-0.106,-0.054,-0.21
MOValley,07-15,30,6,6,3.6,0.2926,0.2433,-0.202,0.714,0.6267,-0.139,0.5,0.417,-0.04,0.13,0.093,-0.146,-0.033
MOValley,07-15,60,6,6,3.6,0.2488,0.26,0.043,0.556,0.56,0.007,0.333,0.5,0.082,-0.392,-0.084,0.03,0.027
MOValley,07-15,90,6,6,3.6,0.2488,0.26,0.043,0.556,0.56,0.007,0.333,0.5,-0.11,-0.282,-0.145,0.027,-0.128
MOValley,07-15,season,6,6,3.6,0.2488,0.26,0.043,0.556,0.56,0.007,0.333,0.5,-0.113,-0.278,-0.145,0.027,-0.132
MOValley,08-01,30,6,6,2.6,0.2323,0.2267,-0.025,0.7869,0.6933,-0.135,0.667,0.333,0.307,-0.163,-0.354,-0.52,0.274
MOValley,08-01,60,6,6,2.6,0.2323,0.2267,-0.025,0.7869,0.6933,-0.135,0.667,0.333,-0.163,-0.304,-0.37,-0.405,-0.154
MOValley,08-01,90,6,6,2.6,0.2323,0.2267,-0.025,0.7869,0.6933,-0.135,0.667,0.333,-0.092,-0.277,-0.385,-0.405,-0.12
MOValley,08-01,season,6,6,2.6,0.2323,0.2267,-0.025,0.7869,0.6933,-0.135,0.667,0.333,-0.111,-0.255,-0.386,-0.405,-0.135
MOValley,08-15,30,6,6,2.6,0.4041,0.2267,-0.783,1.1426,0.6933,-0.648,0.0,0.333,-0.12,-0.417,-0.385,-0.462,-0.131
MOValley,08-15,60,6,6,2.6,0.4041,0.2267,-0.783,1.1426,0.6933,-0.648,0.0,0.333,-0.145,-0.362,-0.241,-0.297,-0.159
MOValley,08-15,90,6,6,2.6,0.4041,0.2267,-0.783,1.1426,0.6933,-0.648,0.0,0.333,-0.143,-0.441,-0.235,-0.297,-0.174
MOValley,08-15,season,6,6,2.6,0.4041,0.2267,-0.783,1.1426,0.6933,-0.648,0.0,0.333,-0.144,-0.375,-0.241,-0.297,-0.157
Scottsbluff,05-01,30,6,6,3.4,0.1624,0.2267,0.284,0.5817,0.6933,0.161,0.5,0.333,-0.36,-0.306,0.302,,-0.052
Scottsbluff,05-01,60,6,6,3.4,0.2934,0.2267,-0.295,0.8939,0.6933,-0.289,0.333,0.333,-0.353,0.026,0.072,-0.051,-0.099
Scottsbluff,05-01,90,6,6,3.4,0.2934,0.2267,-0.295,0.8939,0.6933,-0.289,0.333,0.333,-0.336,0.187,-0.058,-0.16,-0.076
Scottsbluff,05-01,season,6,6,3.4,0.2949,0.2267,-0.301,0.8442,0.6933,-0.218,0.333,0.333,-0.209,-0.122,-0.095,-0.177,0.015
Scottsbluff,05-15,30,6,6,3.1,0.2698,0.2267,-0.19,0.8899,0.6933,-0.283,0.333,0.333,0.031,-0.306,-0.11,-0.181,0.004
Scottsbluff,05-15,60,6,6,3.1,0.2055,0.2267,0.094,0.4965,0.6933,0.284,0.833,0.333,0.057,-0.137,0.146,0.096,0.04
Scottsbluff,05-15,90,6,6,3.1,0.1321,0.2267,0.417,0.4742,0.6933,0.316,0.5,0.333,0.039,0.03,0.121,0.185,0.044
Scottsbluff,05-15,season,6,6,3.1,0.2361,0.2267,-0.042,0.8061,0.6933,-0.163,0.333,0.333,0.074,-0.027,0.055,0.057,0.067
Scottsbluff,06-01,30,6,6,3.6,0.2265,0.2267,0.001,0.6961,0.6933,-0.004,0.5,0.333,0.105,-0.058,-0.169,-0.085,0.038
Scottsbluff,06-01,60,6,6,3.6,0.228,0.2267,-0.006,0.6982,0.6933,-0.007,0.5,0.333,0.235,-0.031,0.028,0.092,0.161
Scottsbluff,06-01,90,6,6,3.6,0.196,0.2433,0.194,0.5468,0.6267,0.128,0.667,0.417,0.022,0.208,0.137,0.21,0.038
Scottsbluff,06-01,season,6,6,3.6,0.196,0.2433,0.194,0.5468,0.6267,0.128,0.667,0.417,-0.061,0.167,0.114,0.221,-0.037
Scottsbluff,06-15,30,6,6,3.5,0.3028,0.25,-0.211,0.9141,0.76,-0.203,0.167,0.25,-0.095,-0.009,-0.127,-0.063,-0.074
Scottsbluff,06-15,60,6,6,3.5,0.1723,0.2267,0.24,0.6757,0.6933,0.025,0.5,0.333,0.203,0.11,0.05,0.111,0.155
Scottsbluff,06-15,90,6,6,3.5,0.2155,0.2433,0.114,0.6282,0.6267,-0.003,0.5,0.417,0.03,0.097,-0.032,-0.028,0.023
Scottsbluff,06-15,season,6,6,3.5,0.2155,0.2433,0.114,0.6282,0.6267,-0.003,0.5,0.417,0.01,0.065,0.028,0.005,0.019
Scottsbluff,07-01,30,6,6,2.8,0.2841,0.2267,-0.253,0.8846,0.6933,-0.276,0.333,0.333,0.014,0.191,0.118,-0.079,0.107
Scottsbluff,07-01,60,6,6,2.8,0.2475,0.2333,-0.061,0.6709,0.6267,-0.071,0.5,0.417,0.115,-0.018,-0.193,-0.216,0.099
Scottsbluff,07-01,90,6,6,2.8,0.2478,0.2433,-0.018,0.6707,0.6267,-0.07,0.5,0.417,0.21,0.045,-0.105,-0.115,0.19
Scottsbluff,07-01,season,6,6,2.8,0.2478,0.2433,-0.018,0.6707,0.6267,-0.07,0.5,0.417,0.136,0.002,-0.105,-0.115,0.134
Scottsbluff,07-15,30,6,6,3.2,0.2205,0.2267,0.027,0.7745,0.6933,-0.117,0.5,0.333,0.243,-0.006,0.123,0.022,0.281
Scottsbluff,07-15,60,6,6,3.2,0.2069,0.2267,0.087,0.7404,0.6933,-0.068,0.5,0.333,0.464,-0.124,0.007,-0.021,0.503
Scottsbluff,07-15,90,6,6,3.2,0.2086,0.2267,0.08,0.7425,0.6933,-0.071,0.5,0.333,0.415,0.03,0.119,0.021,0.463
Scottsbluff,07-15,season,6,6,3.2,0.2086,0.2267,0.08,0.7425,0.6933,-0.071,0.5,0.333,0.417,0.036,0.119,0.021,0.461
Scottsbluff,08-01,30,6,6,2.9,0.1538,0.2267,0.321,0.6376,0.6933,0.08,0.667,0.333,0.183,0.005,0.017,-0.023,0.21
Scottsbluff,08-01,60,6,6,2.9,0.1538,0.2267,0.321,0.6376,0.6933,0.08,0.667,0.333,0.201,-0.113,0.283,0.262,0.197
Scottsbluff,08-01,90,6,6,2.9,0.1538,0.2267,0.321,0.6376,0.6933,0.08,0.667,0.333,0.038,-0.078,0.278,0.262,0.073
Scottsbluff,08-01,season,6,6,2.9,0.1538,0.2267,0.321,0.6376,0.6933,0.08,0.667,0.333,0.129,0.132,0.278,0.262,0.153
Scottsbluff,08-15,30,6,6,2.9,0.3441,0.2267,-0.518,0.8466,0.6933,-0.221,0.0,0.333,0.158,-0.239,-0.255,-0.202,0.139
Scottsbluff,08-15,60,6,6,2.9,0.3451,0.2267,-0.523,0.8491,0.6933,-0.225,0.0,0.333,0.089,0.008,-0.135,-0.211,0.084
Scottsbluff,08-15,90,6,6,2.9,0.3451,0.2267,-0.523,0.8491,0.6933,-0.225,0.0,0.333,-0.071,-0.132,-0.135,-0.211,-0.074
Scottsbluff,08-15,season,6,6,2.9,0.3451,0.2267,-0.523,0.8491,0.6933,-0.225,0.0,0.333,0.089,-0.038,-0.135,-0.211,0.084
ALL,05-01,30,30,6,3.2,0.2467,0.2267,-0.088,0.7401,0.6933,-0.067,0.4,0.333,-0.259,-0.135,0.17,0.239,-0.195
ALL,05-01,60,30,6,3.2,0.2651,0.2267,-0.17,0.8165,0.6933,-0.178,0.333,0.333,-0.073,-0.1,0.059,-0.015,-0.057
ALL,05-01,90,30,6,3.2,0.2713,0.2267,-0.197,0.7891,0.6933,-0.138,0.367,0.333,-0.109,0.025,0.061,-0.035,-0.038
ALL,05-01,season,30,6,3.2,0.2968,0.2267,-0.309,0.8743,0.6933,-0.261,0.333,0.333,-0.172,-0.19,-0.116,-0.171,-0.144
ALL,05-15,30,30,6,3.1,0.2512,0.2267,-0.108,0.8401,0.6933,-0.212,0.3,0.333,0.034,-0.212,-0.233,-0.235,0.037
ALL,05-15,60,30,6,3.1,0.2531,0.23,-0.1,0.7707,0.68,-0.133,0.467,0.35,0.215,-0.191,-0.091,-0.062,0.24
ALL,05-15,90,30,6,3.1,0.2513,0.2233,-0.125,0.8075,0.7067,-0.143,0.233,0.317,0.14,-0.124,-0.064,0.023,0.144
ALL,05-15,season,30,6,3.1,0.2743,0.2233,-0.228,0.8802,0.7067,-0.246,0.133,0.317,-0.061,-0.098,-0.04,0.087,-0.027
ALL,06-01,30,30,6,3.2,0.2491,0.2267,-0.099,0.7306,0.6933,-0.054,0.433,0.333,-0.098,-0.177,-0.225,-0.159,-0.086
ALL,06-01,60,30,6,3.2,0.2549,0.2267,-0.125,0.766,0.6933,-0.105,0.433,0.333,0.011,-0.118,-0.093,-0.073,0.033
ALL,06-01,90,30,6,3.2,0.2476,0.2333,-0.061,0.7049,0.6667,-0.057,0.467,0.367,-0.083,-0.049,0.006,0.041,-0.059
ALL,06-01,season,30,6,3.2,0.2476,0.2333,-0.061,0.7049,0.6667,-0.057,0.467,0.367,-0.149,-0.073,0.004,0.051,-0.137
ALL,06-15,30,30,6,3.0,0.2325,0.2313,-0.005,0.6841,0.7067,0.032,0.467,0.317,0.037,-0.122,-0.149,-0.165,0.01
ALL,06-15,60,30,6,3.0,0.2548,0.2233,-0.141,0.8382,0.7067,-0.186,0.4,0.317,-0.132,0.06,-0.071,-0.075,-0.147
ALL,06-15,90,30,6,3.0,0.2465,0.2333,-0.056,0.7161,0.6667,-0.074,0.433,0.367,0.023,-0.019,-0.16,-0.111,0.003
ALL,06-15,season,30,6,3.0,0.2489,0.2333,-0.067,0.7219,0.6667,-0.083,0.433,0.367,-0.068,-0.119,-0.129,-0.104,-0.068
ALL,07-01,30,30,6,3.1,0.2439,0.2333,-0.045,0.6859,0.6667,-0.029,0.5,0.367,-0.115,0.084,0.166,-0.05,-0.056
ALL,07-01,60,30,6,3.1,0.2629,0.228,-0.153,0.7893,0.68,-0.161,0.367,0.35,-0.048,-0.01,-0.175,-0.198,-0.05
ALL,07-01,90,30,6,3.1,0.2624,0.23,-0.141,0.7883,0.68,-0.159,0.367,0.35,-0.138,-0.049,-0.132,-0.155,-0.123
ALL,07-01,season,30,6,3.1,0.2624,0.23,-0.141,0.7883,0.68,-0.159,0.367,0.35,-0.157,-0.15,-0.125,-0.151,-0.14
ALL,07-15,30,30,6,3.3,0.2842,0.2333,-0.218,0.7438,0.6667,-0.116,0.4,0.367,-0.1,-0.019,0.043,-0.037,-0.091
ALL,07-15,60,30,6,3.3,0.281,0.2367,-0.187,0.7556,0.6533,-0.157,0.367,0.383,-0.009,-0.239,-0.134,-0.155,-0.001
ALL,07-15,90,30,6,3.3,0.2814,0.2367,-0.189,0.7599,0.6533,-0.163,0.367,0.383,-0.063,-0.203,-0.105,-0.142,-0.064
ALL,07-15,season,30,6,3.3,0.2814,0.2367,-0.189,0.7599,0.6533,-0.163,0.367,0.383,-0.064,-0.204,-0.105,-0.142,-0.067
ALL,08-01,30,30,6,3.0,0.199,0.2267,0.122,0.6696,0.6933,0.034,0.533,0.333,0.162,-0.082,-0.134,-0.21,0.116
ALL,08-01,60,30,6,3.0,0.2231,0.2267,0.016,0.7311,0.6933,-0.054,0.533,0.333,-0.018,-0.278,-0.046,-0.086,-0.032
ALL,08-01,90,30,6,3.0,0.2231,0.2267,0.016,0.7311,0.6933,-0.054,0.533,0.333,0.004,-0.268,-0.046,-0.091,-0.012
ALL,08-01,season,30,6,3.0,0.2231,0.2267,0.016,0.7311,0.6933,-0.054,0.533,0.333,-0.02,-0.247,-0.045,-0.091,-0.039
ALL,08-15,30,30,6,2.8,0.3457,0.2233,-0.548,0.9649,0.7067,-0.365,0.1,0.317,-0.058,-0.201,-0.286,-0.306,-0.067
ALL,08-15,60,30,6,2.8,0.3403,0.2233,-0.524,0.9452,0.7067,-0.338,0.1,0.317,-0.125,-0.253,-0.182,-0.238,-0.136
ALL,08-15,90,30,6,2.8,0.3403,0.2233,-0.524,0.9452,0.7067,-0.338,0.1,0.317,-0.221,-0.197,-0.179,-0.238,-0.23
ALL,08-15,season,30,6,2.8,0.3403,0.2233,-0.524,0.9452,0.7067,-0.338,0.1,0.317,-0.125,-0.26,-0.182,-0.238,-0.135
