run_id,timestamp,git_sha,dataset,dataset_version,cutoff,as_of,model,feature_set,n_features,validation,train_groups,test_groups,mae,rmse,r2,relative_mae,mae_fold_std,interval_coverage,interval_lower,interval_upper,train_seconds,seed,params
20260924T234532787348-may-ridge-Management_only-site,2026-09-24T23:45:32+00:00,b890d82-dirty,shrestha2024,7ec6bfeebcbe,may,05-31,ridge,Management only,3,leave-one-site-out,Ames;Lincoln;MOValley;Scottsbluff,Ames;Lincoln;MOValley;Scottsbluff,69.224,74.904,-7.0325,0.8971,15.817,0.902,-120.22,107.86,0.03,42,"{""alpha"": 1.0}"
20260924T234533290369-may-random_forest-Management_only-site,2026-09-24T23:45:33+00:00,b890d82-dirty,shrestha2024,7ec6bfeebcbe,may,05-31,random_forest,Management only,3,leave-one-site-out,Ames;Lincoln;MOValley;Scottsbluff,Ames;Lincoln;MOValley;Scottsbluff,80.325,88.012,-8.9526,0.9794,11.305,0.902,-124.12,143.16,0.5,42,"{""n_estimators"": 300, ""min_samples_leaf"": 5, ""max_features"": 0.5}"
20260924T234535308718-may-hist_gradient_boosting-Management_only-site,2026-09-24T23:45:35+00:00,b890d82-dirty,shrestha2024,7ec6bfeebcbe,may,05-31,hist_gradient_boosting,Management only,3,leave-one-site-out,Ames;Lincoln;MOValley;Scottsbluff,Ames;Lincoln;MOValley;Scottsbluff,83.219,90.718,-9.7386,1.0286,13.71,0.9014,-139.43,145.01,2.02,42,"{""learning_rate"": 0.05, ""max_iter"": 300}"
20260924T234535877498-may-catboost-Management_only-site,2026-09-24T23:45:35+00:00,b890d82-dirty,shrestha2024,7ec6bfeebcbe,may,05-31,catboost,Management only,3,leave-one-site-out,Ames;Lincoln;MOValley;Scottsbluff,Ames;Lincoln;MOValley;Scottsbluff,81.439,88.76,-9.183,0.9981,12.816,0.9014,-129.09,143.51,0.57,42,"{""iterations"": 500, ""learning_rate"": 0.05, ""depth"": 6}"
20260924T234535902678-may-ridge-Crop_plus_timing-site,2026-09-24T23:45:35+00:00,b890d82-dirty,shrestha2024,7ec6bfeebcbe,may,05-31,ridge,Crop + timing,5,leave-one-site-out,Ames;Lincoln;MOValley;Scottsbluff,Ames;Lincoln;MOValley;Scottsbluff,600.4,604.793,-2008.5363,4.3686,905.239,0.9014,-115.75,2169.91,0.02,42,"{""alpha"": 1.0}"
20260924T234536394893-may-random_forest-Crop_plus_timing-site,2026-09-24T23:45:36+00:00,b890d82-dirty,shrestha2024,7ec6bfeebcbe,may,05-31,random_forest,Crop + timing,5,leave-one-site-out,Ames;Lincoln;MOValley;Scottsbluff,Ames;Lincoln;MOValley;Scottsbluff,73.909,79.9,-7.2281,0.9002,27.067,0.9014,-114.11,145.63,0.49,42,"{""n_estimators"": 300, ""min_samples_leaf"": 5, ""max_features"": 0.5}"
20260924T234538714580-may-hist_gradient_boosting-Crop_plus_timing-site,2026-09-24T23:45:38+00:00,b890d82-dirty,shrestha2024,7ec6bfeebcbe,may,05-31,hist_gradient_boosting,Crop + timing,5,leave-one-site-out,Ames;Lincoln;MOValley;Scottsbluff,Ames;Lincoln;MOValley;Scottsbluff,71.244,77.481,-6.9057,0.8752,29.334,0.902,-113.33,145.06,2.32,42,"{""learning_rate"": 0.05, ""max_iter"": 300}"
20260924T234539248833-may-catboost-Crop_plus_timing-site,2026-09-24T23:45:39+00:00,b890d82-dirty,shrestha2024,7ec6bfeebcbe,may,05-31,catboost,Crop + timing,5,leave-one-site-out,Ames;Lincoln;MOValley;Scottsbluff,Ames;Lincoln;MOValley;Scottsbluff,73.808,79.484,-7.3112,0.9167,28.577,0.902,-117.43,144.55,0.53,42,"{""iterations"": 500, ""learning_rate"": 0.05, ""depth"": 6}"
20260924T234540015843-may-ridge-Crop_plus_weather-site,2026-09-24T23:45:40+00:00,b890d82-dirty,shrestha2024,7ec6bfeebcbe,may,05-31,ridge,Crop + weather,28,leave-one-site-out,Ames;Lincoln;MOValley;Scottsbluff,Ames;Lincoln;MOValley;Scottsbluff,433.731,438.103,-858.1111,3.8732,562.806,0.9087,0.0,1403.27,0.03,42,"{""alpha"": 1.0}"
20260924T234540548735-may-random_forest-Crop_plus_weather-site,2026-09-24T23:45:40+00:00,b890d82-dirty,shrestha2024,7ec6bfeebcbe,may,05-31,random_forest,Crop + weather,28,leave-one-site-out,Ames;Lincoln;MOValley;Scottsbluff,Ames;Lincoln;MOValley;Scottsbluff,67.699,73.244,-7.0089,0.8641,17.811,0.902,-116.54,101.57,0.53,42,"{""n_estimators"": 300, ""min_samples_leaf"": 5, ""max_features"": 0.5}"
20260924T234543876110-may-hist_gradient_boosting-Crop_plus_weather-site,2026-09-24T23:45:43+00:00,b890d82-dirty,shrestha2024,7ec6bfeebcbe,may,05-31,hist_gradient_boosting,Crop + weather,28,leave-one-site-out,Ames;Lincoln;MOValley;Scottsbluff,Ames;Lincoln;MOValley;Scottsbluff,90.04,95.274,-10.4903,0.9759,6.379,0.902,-105.37,143.58,3.33,42,"{""learning_rate"": 0.05, ""max_iter"": 300}"
20260924T234544707542-may-catboost-Crop_plus_weather-site,2026-09-24T23:45:44+00:00,b890d82-dirty,shrestha2024,7ec6bfeebcbe,may,05-31,catboost,Crop + weather,28,leave-one-site-out,Ames;Lincoln;MOValley;Scottsbluff,Ames;Lincoln;MOValley;Scottsbluff,57.771,63.674,-5.2772,0.7935,19.842,0.9014,-114.27,89.71,0.83,42,"{""iterations"": 500, ""learning_rate"": 0.05, ""depth"": 6}"
20260924T234544973412-may-ridge-Crop_plus_soil-site,2026-09-24T23:45:44+00:00,b890d82-dirty,shrestha2024,7ec6bfeebcbe,may,05-31,ridge,Crop + soil,9,leave-one-site-out,Ames;Lincoln;MOValley;Scottsbluff,Ames;Lincoln;MOValley;Scottsbluff,126.599,136.652,-53.5281,2.3372,120.838,0.902,-419.14,105.6,0.02,42,"{""alpha"": 1.0}"
20260924T234545487724-may-random_forest-Crop_plus_soil-site,2026-09-24T23:45:45+00:00,b890d82-dirty,shrestha2024,7ec6bfeebcbe,may,05-31,random_forest,Crop + soil,9,leave-one-site-out,Ames;Lincoln;MOValley;Scottsbluff,Ames;Lincoln;MOValley;Scottsbluff,56.464,62.849,-5.4883,0.8384,27.963,0.902,-130.38,92.15,0.51,42,"{""n_estimators"": 300, ""min_samples_leaf"": 5, ""max_features"": 0.5}"
20260924T234548111367-may-hist_gradient_boosting-Crop_plus_soil-site,2026-09-24T23:45:48+00:00,b890d82-dirty,shrestha2024,7ec6bfeebcbe,may,05-31,hist_gradient_boosting,Crop + soil,9,leave-one-site-out,Ames;Lincoln;MOValley;Scottsbluff,Ames;Lincoln;MOValley;Scottsbluff,56.607,63.837,-5.7924,0.8382,28.792,0.9014,-133.39,111.02,2.62,42,"{""learning_rate"": 0.05, ""max_iter"": 300}"
20260924T234548736180-may-catboost-Crop_plus_soil-site,2026-09-24T23:45:48+00:00,b890d82-dirty,shrestha2024,7ec6bfeebcbe,may,05-31,catboost,Crop + soil,9,leave-one-site-out,Ames;Lincoln;MOValley;Scottsbluff,Ames;Lincoln;MOValley;Scottsbluff,56.317,62.846,-5.3907,0.8296,26.402,0.902,-128.59,91.12,0.62,42,"{""iterations"": 500, ""learning_rate"": 0.05, ""depth"": 6}"
20260924T234548945472-may-ridge-Crop_plus_weather_plus_soil-site,2026-09-24T23:45:48+00:00,b890d82-dirty,shrestha2024,7ec6bfeebcbe,may,05-31,ridge,Crop + weather + soil,36,leave-one-site-out,Ames;Lincoln;MOValley;Scottsbluff,Ames;Lincoln;MOValley;Scottsbluff,365.444,370.844,-673.0497,2.6077,512.906,0.9142,0.0,1255.51,0.03,42,"{""alpha"": 1.0}"
20260924T234549484859-may-random_forest-Crop_plus_weather_plus_soil-site,2026-09-24T23:45:49+00:00,b890d82-dirty,shrestha2024,7ec6bfeebcbe,may,05-31,random_forest,Crop + weather + soil,36,leave-one-site-out,Ames;Lincoln;MOValley;Scottsbluff,Ames;Lincoln;MOValley;Scottsbluff,65.723,71.387,-6.624,0.8618,18.159,0.902,-119.08,99.33,0.54,42,"{""n_estimators"": 300, ""min_samples_leaf"": 5, ""max_features"": 0.5}"
20260924T234552820364-may-hist_gradient_boosting-Crop_plus_weather_plus_soil-site,2026-09-24T23:45:52+00:00,b890d82-dirty,shrestha2024,7ec6bfeebcbe,may,05-31,hist_gradient_boosting,Crop + weather + soil,36,leave-one-site-out,Ames;Lincoln;MOValley;Scottsbluff,Ames;Lincoln;MOValley;Scottsbluff,90.341,95.318,-10.6946,0.9935,5.974,0.9014,-106.89,140.36,3.33,42,"{""learning_rate"": 0.05, ""max_iter"": 300}"
20260924T234553716286-may-catboost-Crop_plus_weather_plus_soil-site,2026-09-24T23:45:53+00:00,b890d82-dirty,shrestha2024,7ec6bfeebcbe,may,05-31,catboost,Crop + weather + soil,36,leave-one-site-out,Ames;Lincoln;MOValley;Scottsbluff,Ames;Lincoln;MOValley;Scottsbluff,61.704,67.262,-6.1536,0.8471,22.161,0.902,-120.02,92.35,0.9,42,"{""iterations"": 500, ""learning_rate"": 0.05, ""depth"": 6}"
"20260924T234553989013-may-ridge-All_(plus_timing,_county_history)-site",2026-09-24T23:45:53+00:00,b890d82-dirty,shrestha2024,7ec6bfeebcbe,may,05-31,ridge,"All (+ timing, county history)",40,leave-one-site-out,Ames;Lincoln;MOValley;Scottsbluff,Ames;Lincoln;MOValley;Scottsbluff,350.699,355.97,-621.0056,2.4771,493.063,0.9014,-57.79,1206.14,0.03,42,"{""alpha"": 1.0}"
"20260924T234554504658-may-random_forest-All_(plus_timing,_county_history)-site",2026-09-24T23:45:54+00:00,b890d82-dirty,shrestha2024,7ec6bfeebcbe,may,05-31,random_forest,"All (+ timing, county history)",40,leave-one-site-out,Ames;Lincoln;MOValley;Scottsbluff,Ames;Lincoln;MOValley;Scottsbluff,64.393,70.04,-6.2283,0.8406,17.009,0.902,-116.32,99.85,0.52,42,"{""n_estimators"": 300, ""min_samples_leaf"": 5, ""max_features"": 0.5}"
"20260924T234557926639-may-hist_gradient_boosting-All_(plus_timing,_county_history)-site",2026-09-24T23:45:57+00:00,b890d82-dirty,shrestha2024,7ec6bfeebcbe,may,05-31,hist_gradient_boosting,"All (+ timing, county history)",40,leave-one-site-out,Ames;Lincoln;MOValley;Scottsbluff,Ames;Lincoln;MOValley;Scottsbluff,90.389,95.42,-10.6862,0.9885,6.224,0.902,-106.74,140.87,3.42,42,"{""learning_rate"": 0.05, ""max_iter"": 300}"
"20260924T234558836792-may-catboost-All_(plus_timing,_county_history)-site",2026-09-24T23:45:58+00:00,b890d82-dirty,shrestha2024,7ec6bfeebcbe,may,05-31,catboost,"All (+ timing, county history)",40,leave-one-site-out,Ames;Lincoln;MOValley;Scottsbluff,Ames;Lincoln;MOValley;Scottsbluff,59.038,64.71,-5.5332,0.8162,20.898,0.902,-116.58,90.48,0.91,42,"{""iterations"": 500, ""learning_rate"": 0.05, ""depth"": 6}"
20260924T234559088678-may-mean-tuned:_Crop_plus_weather-site,2026-09-24T23:45:59+00:00,b890d82-dirty,shrestha2024,7ec6bfeebcbe,may,05-31,mean,tuned: Crop + weather,28,leave-one-site-out,Ames;Lincoln;MOValley;Scottsbluff,Ames;Lincoln;MOValley;Scottsbluff,58.77,64.575,-5.5914,0.8341,23.233,0.9014,-124.11,88.24,0.0,42,{}
20260924T234559095979-may-mean-tuned:_Crop_plus_weather-plot,2026-09-24T23:45:59+00:00,b890d82-dirty,shrestha2024,7ec6bfeebcbe,may,05-31,mean,tuned: Crop + weather,28,grouped 5-fold by plot,Ames;Lincoln;MOValley;Scottsbluff,fold1;fold2;fold3;fold4;fold5,46.656,54.554,-0.0002,0.4278,1.066,,0.0,0.0,0.0,42,{}
20260924T234559100588-may-mean-tuned:_Crop_plus_weather-field,2026-09-24T23:45:59+00:00,b890d82-dirty,shrestha2024,7ec6bfeebcbe,may,05-31,mean,tuned: Crop + weather,28,grouped 4-fold by field,Ames;Lincoln;MOValley;Scottsbluff,fold1;fold2;fold3;fold4,56.684,62.288,-5.2936,0.8232,27.193,,0.0,0.0,0.0,42,{}
20260924T234559823106-may-ridge-tuned:_Crop_plus_weather-site,2026-09-24T23:45:59+00:00,b890d82-dirty,shrestha2024,7ec6bfeebcbe,may,05-31,ridge,tuned: Crop + weather,28,leave-one-site-out,Ames;Lincoln;MOValley;Scottsbluff,Ames;Lincoln;MOValley;Scottsbluff,149.767,154.624,-80.6862,1.3734,159.916,0.902,-110.96,427.26,0.02,42,"{""alpha"": 958.7479255847703}"
20260924T234559855691-may-ridge-tuned:_Crop_plus_weather-plot,2026-09-24T23:45:59+00:00,b890d82-dirty,shrestha2024,7ec6bfeebcbe,may,05-31,ridge,tuned: Crop + weather,28,grouped 5-fold by plot,Ames;Lincoln;MOValley;Scottsbluff,fold1;fold2;fold3;fold4;fold5,24.464,30.427,0.6888,0.2243,0.805,,0.0,0.0,0.03,42,"{""alpha"": 958.7479255847703}"
20260924T234559880263-may-ridge-tuned:_Crop_plus_weather-field,2026-09-24T23:45:59+00:00,b890d82-dirty,shrestha2024,7ec6bfeebcbe,may,05-31,ridge,tuned: Crop + weather,28,grouped 4-fold by field,Ames;Lincoln;MOValley;Scottsbluff,fold1;fold2;fold3;fold4,61.72,76.762,-9.1072,0.7938,35.333,,0.0,0.0,0.02,42,"{""alpha"": 958.7479255847703}"
20260924T234610339316-may-random_forest-tuned:_Crop_plus_weather-site,2026-09-24T23:46:10+00:00,b890d82-dirty,shrestha2024,7ec6bfeebcbe,may,05-31,random_forest,tuned: Crop + weather,28,leave-one-site-out,Ames;Lincoln;MOValley;Scottsbluff,Ames;Lincoln;MOValley;Scottsbluff,62.367,68.263,-5.9469,0.8192,17.182,0.902,-115.06,97.14,0.22,42,"{""bootstrap"": false, ""n_estimators"": 150, ""max_depth"": 8, ""min_samples_leaf"": 4, ""min_samples_split"": 22, ""max_features"": 0.5}"
20260924T234610651642-may-random_forest-tuned:_Crop_plus_weather-plot,2026-09-24T23:46:10+00:00,b890d82-dirty,shrestha2024,7ec6bfeebcbe,may,05-31,random_forest,tuned: Crop + weather,28,grouped 5-fold by plot,Ames;Lincoln;MOValley;Scottsbluff,fold1;fold2;fold3;fold4;fold5,18.596,23.79,0.8092,0.1705,0.807,,0.0,0.0,0.31,42,"{""bootstrap"": false, ""n_estimators"": 150, ""max_depth"": 8, ""min_samples_leaf"": 4, ""min_samples_split"": 22, ""max_features"": 0.5}"
20260924T234610875365-may-random_forest-tuned:_Crop_plus_weather-field,2026-09-24T23:46:10+00:00,b890d82-dirty,shrestha2024,7ec6bfeebcbe,may,05-31,random_forest,tuned: Crop + weather,28,grouped 4-fold by field,Ames;Lincoln;MOValley;Scottsbluff,fold1;fold2;fold3;fold4,46.841,53.211,-3.9036,0.7137,25.647,,0.0,0.0,0.22,42,"{""bootstrap"": false, ""n_estimators"": 150, ""max_depth"": 8, ""min_samples_leaf"": 4, ""min_samples_split"": 22, ""max_features"": 0.5}"
20260924T234644981751-may-hist_gradient_boosting-tuned:_Crop_plus_weather-site,2026-09-24T23:46:44+00:00,b890d82-dirty,shrestha2024,7ec6bfeebcbe,may,05-31,hist_gradient_boosting,tuned: Crop + weather,28,leave-one-site-out,Ames;Lincoln;MOValley;Scottsbluff,Ames;Lincoln;MOValley;Scottsbluff,69.432,75.196,-7.6577,0.8482,19.845,0.902,-111.49,109.01,0.64,42,"{""learning_rate"": 0.23991375036105814, ""max_iter"": 100, ""max_depth"": null, ""max_leaf_nodes"": 15, ""min_samples_leaf"": 17, ""l2_regularization"": 0.08106789068717547, ""max_features"": 0.45392853070408545}"
20260924T234645923651-may-hist_gradient_boosting-tuned:_Crop_plus_weather-plot,2026-09-24T23:46:45+00:00,b890d82-dirty,shrestha2024,7ec6bfeebcbe,may,05-31,hist_gradient_boosting,tuned: Crop + weather,28,grouped 5-fold by plot,Ames;Lincoln;MOValley;Scottsbluff,fold1;fold2;fold3;fold4;fold5,17.29,22.708,0.8263,0.1585,0.485,,0.0,0.0,0.94,42,"{""learning_rate"": 0.23991375036105814, ""max_iter"": 100, ""max_depth"": null, ""max_leaf_nodes"": 15, ""min_samples_leaf"": 17, ""l2_regularization"": 0.08106789068717547, ""max_features"": 0.45392853070408545}"
20260924T234646683799-may-hist_gradient_boosting-tuned:_Crop_plus_weather-field,2026-09-24T23:46:46+00:00,b890d82-dirty,shrestha2024,7ec6bfeebcbe,may,05-31,hist_gradient_boosting,tuned: Crop + weather,28,grouped 4-fold by field,Ames;Lincoln;MOValley;Scottsbluff,fold1;fold2;fold3;fold4,47.684,54.868,-4.0173,0.6997,24.934,,0.0,0.0,0.76,42,"{""learning_rate"": 0.23991375036105814, ""max_iter"": 100, ""max_depth"": null, ""max_leaf_nodes"": 15, ""min_samples_leaf"": 17, ""l2_regularization"": 0.08106789068717547, ""max_features"": 0.45392853070408545}"
20260924T234730942000-may-catboost-tuned:_Crop_plus_weather-site,2026-09-24T23:47:30+00:00,b890d82-dirty,shrestha2024,7ec6bfeebcbe,may,05-31,catboost,tuned: Crop + weather,28,leave-one-site-out,Ames;Lincoln;MOValley;Scottsbluff,Ames;Lincoln;MOValley;Scottsbluff,45.811,52.691,-3.8938,0.7101,25.78,0.902,-114.67,77.79,1.71,42,"{""iterations"": 800, ""learning_rate"": 0.28608001335461186, ""depth"": 7, ""l2_leaf_reg"": 1.5491495451355766, ""min_data_in_leaf"": 3, ""rsm"": 0.9944267737011128}"
20260924T234733148683-may-catboost-tuned:_Crop_plus_weather-plot,2026-09-24T23:47:33+00:00,b890d82-dirty,shrestha2024,7ec6bfeebcbe,may,05-31,catboost,tuned: Crop + weather,28,grouped 5-fold by plot,Ames;Lincoln;MOValley;Scottsbluff,fold1;fold2;fold3;fold4;fold5,21.058,27.192,0.7506,0.193,1.016,,0.0,0.0,2.2,42,"{""iterations"": 800, ""learning_rate"": 0.28608001335461186, ""depth"": 7, ""l2_leaf_reg"": 1.5491495451355766, ""min_data_in_leaf"": 3, ""rsm"": 0.9944267737011128}"
20260924T234734873867-may-catboost-tuned:_Crop_plus_weather-field,2026-09-24T23:47:34+00:00,b890d82-dirty,shrestha2024,7ec6bfeebcbe,may,05-31,catboost,tuned: Crop + weather,28,grouped 4-fold by field,Ames;Lincoln;MOValley;Scottsbluff,fold1;fold2;fold3;fold4,44.44,50.462,-3.6503,0.704,26.249,,0.0,0.0,1.72,42,"{""iterations"": 800, ""learning_rate"": 0.28608001335461186, ""depth"": 7, ""l2_leaf_reg"": 1.5491495451355766, ""min_data_in_leaf"": 3, ""rsm"": 0.9944267737011128}"
20260924T234738500801-june-ridge-Management_only-site,2026-09-24T23:47:38+00:00,b890d82-dirty,shrestha2024,7ec6bfeebcbe,june,06-30,ridge,Management only,3,leave-one-site-out,Ames;Lincoln;MOValley;Scottsbluff,Ames;Lincoln;MOValley;Scottsbluff,69.224,74.904,-7.0325,0.8971,15.817,0.902,-120.22,107.86,0.02,42,"{""alpha"": 1.0}"
20260924T234739025716-june-random_forest-Management_only-site,2026-09-24T23:47:39+00:00,b890d82-dirty,shrestha2024,7ec6bfeebcbe,june,06-30,random_forest,Management only,3,leave-one-site-out,Ames;Lincoln;MOValley;Scottsbluff,Ames;Lincoln;MOValley;Scottsbluff,80.325,88.012,-8.9526,0.9794,11.305,0.902,-124.12,143.16,0.52,42,"{""n_estimators"": 300, ""min_samples_leaf"": 5, ""max_features"": 0.5}"
20260924T234741092110-june-hist_gradient_boosting-Management_only-site,2026-09-24T23:47:41+00:00,b890d82-dirty,shrestha2024,7ec6bfeebcbe,june,06-30,hist_gradient_boosting,Management only,3,leave-one-site-out,Ames;Lincoln;MOValley;Scottsbluff,Ames;Lincoln;MOValley;Scottsbluff,83.219,90.718,-9.7386,1.0286,13.71,0.9014,-139.43,145.01,2.07,42,"{""learning_rate"": 0.05, ""max_iter"": 300}"
20260924T234741591916-june-catboost-Management_only-site,2026-09-24T23:47:41+00:00,b890d82-dirty,shrestha2024,7ec6bfeebcbe,june,06-30,catboost,Management only,3,leave-one-site-out,Ames;Lincoln;MOValley;Scottsbluff,Ames;Lincoln;MOValley;Scottsbluff,81.439,88.76,-9.183,0.9981,12.816,0.9014,-129.09,143.51,0.5,42,"{""iterations"": 500, ""learning_rate"": 0.05, ""depth"": 6}"
20260924T234741617982-june-ridge-Crop_plus_timing-site,2026-09-24T23:47:41+00:00,b890d82-dirty,shrestha2024,7ec6bfeebcbe,june,06-30,ridge,Crop + timing,5,leave-one-site-out,Ames;Lincoln;MOValley;Scottsbluff,Ames;Lincoln;MOValley;Scottsbluff,600.4,604.793,-2008.5363,4.3686,905.239,0.902,-115.75,2169.91,0.02,42,"{""alpha"": 1.0}"
20260924T234742115327-june-random_forest-Crop_plus_timing-site,2026-09-24T23:47:42+00:00,b890d82-dirty,shrestha2024,7ec6bfeebcbe,june,06-30,random_forest,Crop + timing,5,leave-one-site-out,Ames;Lincoln;MOValley;Scottsbluff,Ames;Lincoln;MOValley;Scottsbluff,73.909,79.9,-7.2281,0.9002,27.067,0.9014,-114.11,145.63,0.5,42,"{""n_estimators"": 300, ""min_samples_leaf"": 5, ""max_features"": 0.5}"
20260924T234744400019-june-hist_gradient_boosting-Crop_plus_timing-site,2026-09-24T23:47:44+00:00,b890d82-dirty,shrestha2024,7ec6bfeebcbe,june,06-30,hist_gradient_boosting,Crop + timing,5,leave-one-site-out,Ames;Lincoln;MOValley;Scottsbluff,Ames;Lincoln;MOValley;Scottsbluff,71.244,77.481,-6.9057,0.8752,29.334,0.902,-113.33,145.06,2.28,42,"{""learning_rate"": 0.05, ""max_iter"": 300}"
20260924T234744941805-june-catboost-Crop_plus_timing-site,2026-09-24T23:47:44+00:00,b890d82-dirty,shrestha2024,7ec6bfeebcbe,june,06-30,catboost,Crop + timing,5,leave-one-site-out,Ames;Lincoln;MOValley;Scottsbluff,Ames;Lincoln;MOValley;Scottsbluff,73.808,79.484,-7.3112,0.9167,28.577,0.902,-117.43,144.55,0.54,42,"{""iterations"": 500, ""learning_rate"": 0.05, ""depth"": 6}"
20260924T234745695677-june-ridge-Crop_plus_weather-site,2026-09-24T23:47:45+00:00,b890d82-dirty,shrestha2024,7ec6bfeebcbe,june,06-30,ridge,Crop + weather,28,leave-one-site-out,Ames;Lincoln;MOValley;Scottsbluff,Ames;Lincoln;MOValley;Scottsbluff,351.316,355.558,-615.6609,2.6858,489.218,0.902,-136.08,1199.89,0.03,42,"{""alpha"": 1.0}"
20260924T234746237562-june-random_forest-Crop_plus_weather-site,2026-09-24T23:47:46+00:00,b890d82-dirty,shrestha2024,7ec6bfeebcbe,june,06-30,random_forest,Crop + weather,28,leave-one-site-out,Ames;Lincoln;MOValley;Scottsbluff,Ames;Lincoln;MOValley;Scottsbluff,65.221,70.982,-6.4294,0.8949,20.801,0.902,-127.37,100.29,0.54,42,"{""n_estimators"": 300, ""min_samples_leaf"": 5, ""max_features"": 0.5}"
20260924T234749604472-june-hist_gradient_boosting-Crop_plus_weather-site,2026-09-24T23:47:49+00:00,b890d82-dirty,shrestha2024,7ec6bfeebcbe,june,06-30,hist_gradient_boosting,Crop + weather,28,leave-one-site-out,Ames;Lincoln;MOValley;Scottsbluff,Ames;Lincoln;MOValley;Scottsbluff,63.66,70.46,-6.3709,0.8707,30.352,0.902,-131.24,131.1,3.37,42,"{""learning_rate"": 0.05, ""max_iter"": 300}"
20260924T234750387293-june-catboost-Crop_plus_weather-site,2026-09-24T23:47:50+00:00,b890d82-dirty,shrestha2024,7ec6bfeebcbe,june,06-30,catboost,Crop + weather,28,leave-one-site-out,Ames;Lincoln;MOValley;Scottsbluff,Ames;Lincoln;MOValley;Scottsbluff,59.488,65.169,-5.5428,0.8386,24.429,0.902,-123.56,98.95,0.78,42,"{""iterations"": 500, ""learning_rate"": 0.05, ""depth"": 6}"
20260924T234750628159-june-ridge-Crop_plus_soil-site,2026-09-24T23:47:50+00:00,b890d82-dirty,shrestha2024,7ec6bfeebcbe,june,06-30,ridge,Crop + soil,9,leave-one-site-out,Ames;Lincoln;MOValley;Scottsbluff,Ames;Lincoln;MOValley;Scottsbluff,126.599,136.652,-53.5281,2.3372,120.838,0.902,-419.14,105.6,0.02,42,"{""alpha"": 1.0}"
20260924T234751148334-june-random_forest-Crop_plus_soil-site,2026-09-24T23:47:51+00:00,b890d82-dirty,shrestha2024,7ec6bfeebcbe,june,06-30,random_forest,Crop + soil,9,leave-one-site-out,Ames;Lincoln;MOValley;Scottsbluff,Ames;Lincoln;MOValley;Scottsbluff,56.464,62.849,-5.4883,0.8384,27.963,0.902,-130.38,92.15,0.52,42,"{""n_estimators"": 300, ""min_samples_leaf"": 5, ""max_features"": 0.5}"
20260924T234753876418-june-hist_gradient_boosting-Crop_plus_soil-site,2026-09-24T23:47:53+00:00,b890d82-dirty,shrestha2024,7ec6bfeebcbe,june,06-30,hist_gradient_boosting,Crop + soil,9,leave-one-site-out,Ames;Lincoln;MOValley;Scottsbluff,Ames;Lincoln;MOValley;Scottsbluff,56.607,63.837,-5.7924,0.8382,28.792,0.9014,-133.39,111.02,2.73,42,"{""learning_rate"": 0.05, ""max_iter"": 300}"
20260924T234754508000-june-catboost-Crop_plus_soil-site,2026-09-24T23:47:54+00:00,b890d82-dirty,shrestha2024,7ec6bfeebcbe,june,06-30,catboost,Crop + soil,9,leave-one-site-out,Ames;Lincoln;MOValley;Scottsbluff,Ames;Lincoln;MOValley;Scottsbluff,56.317,62.846,-5.3907,0.8296,26.402,0.902,-128.59,91.12,0.63,42,"{""iterations"": 500, ""learning_rate"": 0.05, ""depth"": 6}"
20260924T234754714717-june-ridge-Crop_plus_weather_plus_soil-site,2026-09-24T23:47:54+00:00,b890d82-dirty,shrestha2024,7ec6bfeebcbe,june,06-30,ridge,Crop + weather + soil,36,leave-one-site-out,Ames;Lincoln;MOValley;Scottsbluff,Ames;Lincoln;MOValley;Scottsbluff,320.456,325.801,-500.0361,2.55,437.721,0.9014,-134.53,1079.99,0.03,42,"{""alpha"": 1.0}"
20260924T234755242101-june-random_forest-Crop_plus_weather_plus_soil-site,2026-09-24T23:47:55+00:00,b890d82-dirty,shrestha2024,7ec6bfeebcbe,june,06-30,random_forest,Crop + weather + soil,36,leave-one-site-out,Ames;Lincoln;MOValley;Scottsbluff,Ames;Lincoln;MOValley;Scottsbluff,65.618,71.353,-6.4409,0.9002,21.544,0.9014,-127.79,103.34,0.53,42,"{""n_estimators"": 300, ""min_samples_leaf"": 5, ""max_features"": 0.5}"
20260924T234758731062-june-hist_gradient_boosting-Crop_plus_weather_plus_soil-site,2026-09-24T23:47:58+00:00,b890d82-dirty,shrestha2024,7ec6bfeebcbe,june,06-30,hist_gradient_boosting,Crop + weather + soil,36,leave-one-site-out,Ames;Lincoln;MOValley;Scottsbluff,Ames;Lincoln;MOValley;Scottsbluff,64.367,71.168,-6.4282,0.8682,31.326,0.902,-128.13,138.17,3.49,42,"{""learning_rate"": 0.05, ""max_iter"": 300}"
20260924T234759597299-june-catboost-Crop_plus_weather_plus_soil-site,2026-09-24T23:47:59+00:00,b890d82-dirty,shrestha2024,7ec6bfeebcbe,june,06-30,catboost,Crop + weather + soil,36,leave-one-site-out,Ames;Lincoln;MOValley;Scottsbluff,Ames;Lincoln;MOValley;Scottsbluff,58.166,63.934,-5.209,0.8087,20.472,0.902,-117.42,89.4,0.87,42,"{""iterations"": 500, ""learning_rate"": 0.05, ""depth"": 6}"
"20260924T234759878917-june-ridge-All_(plus_timing,_county_history)-site",2026-09-24T23:47:59+00:00,b890d82-dirty,shrestha2024,7ec6bfeebcbe,june,06-30,ridge,"All (+ timing, county history)",40,leave-one-site-out,Ames;Lincoln;MOValley;Scottsbluff,Ames;Lincoln;MOValley;Scottsbluff,302.442,306.58,-352.4852,2.4899,344.262,0.9014,-182.25,898.54,0.03,42,"{""alpha"": 1.0}"
"20260924T234800414598-june-random_forest-All_(plus_timing,_county_history)-site",2026-09-24T23:48:00+00:00,b890d82-dirty,shrestha2024,7ec6bfeebcbe,june,06-30,random_forest,"All (+ timing, county history)",40,leave-one-site-out,Ames;Lincoln;MOValley;Scottsbluff,Ames;Lincoln;MOValley;Scottsbluff,64.39,70.105,-6.2728,0.8896,22.723,0.902,-127.51,104.14,0.53,42,"{""n_estimators"": 300, ""min_samples_leaf"": 5, ""max_features"": 0.5}"
"20260924T234804122615-june-hist_gradient_boosting-All_(plus_timing,_county_history)-site",2026-09-24T23:48:04+00:00,b890d82-dirty,shrestha2024,7ec6bfeebcbe,june,06-30,hist_gradient_boosting,"All (+ timing, county history)",40,leave-one-site-out,Ames;Lincoln;MOValley;Scottsbluff,Ames;Lincoln;MOValley;Scottsbluff,75.463,81.655,-7.7774,0.9484,26.576,0.902,-128.13,141.51,3.71,42,"{""learning_rate"": 0.05, ""max_iter"": 300}"
"20260924T234805014233-june-catboost-All_(plus_timing,_county_history)-site",2026-09-24T23:48:05+00:00,b890d82-dirty,shrestha2024,7ec6bfeebcbe,june,06-30,catboost,"All (+ timing, county history)",40,leave-one-site-out,Ames;Lincoln;MOValley;Scottsbluff,Ames;Lincoln;MOValley;Scottsbluff,60.007,65.893,-5.5159,0.8155,18.796,0.902,-117.81,92.32,0.89,42,"{""iterations"": 500, ""learning_rate"": 0.05, ""depth"": 6}"
20260924T234805261355-june-mean-tuned:_Crop_plus_weather_plus_soil-site,2026-09-24T23:48:05+00:00,b890d82-dirty,shrestha2024,7ec6bfeebcbe,june,06-30,mean,tuned: Crop + weather + soil,36,leave-one-site-out,Ames;Lincoln;MOValley;Scottsbluff,Ames;Lincoln;MOValley;Scottsbluff,58.77,64.575,-5.5914,0.8341,23.233,0.9014,-124.11,88.24,0.0,42,{}
20260924T234805269057-june-mean-tuned:_Crop_plus_weather_plus_soil-plot,2026-09-24T23:48:05+00:00,b890d82-dirty,shrestha2024,7ec6bfeebcbe,june,06-30,mean,tuned: Crop + weather + soil,36,grouped 5-fold by plot,Ames;Lincoln;MOValley;Scottsbluff,fold1;fold2;fold3;fold4;fold5,46.656,54.554,-0.0002,0.4278,1.066,,0.0,0.0,0.0,42,{}
20260924T234805274090-june-mean-tuned:_Crop_plus_weather_plus_soil-field,2026-09-24T23:48:05+00:00,b890d82-dirty,shrestha2024,7ec6bfeebcbe,june,06-30,mean,tuned: Crop + weather + soil,36,grouped 4-fold by field,Ames;Lincoln;MOValley;Scottsbluff,fold1;fold2;fold3;fold4,56.684,62.288,-5.2936,0.8232,27.193,,0.0,0.0,0.0,42,{}
20260924T234806075588-june-ridge-tuned:_Crop_plus_weather_plus_soil-site,2026-09-24T23:48:06+00:00,b890d82-dirty,shrestha2024,7ec6bfeebcbe,june,06-30,ridge,tuned: Crop + weather + soil,36,leave-one-site-out,Ames;Lincoln;MOValley;Scottsbluff,Ames;Lincoln;MOValley;Scottsbluff,106.986,111.768,-24.9637,1.1312,66.076,0.902,-119.8,217.5,0.02,42,"{""alpha"": 958.7479255847703}"
20260924T234806111928-june-ridge-tuned:_Crop_plus_weather_plus_soil-plot,2026-09-24T23:48:06+00:00,b890d82-dirty,shrestha2024,7ec6bfeebcbe,june,06-30,ridge,tuned: Crop + weather + soil,36,grouped 5-fold by plot,Ames;Lincoln;MOValley;Scottsbluff,fold1;fold2;fold3;fold4;fold5,24.028,30.018,0.6971,0.2203,0.675,,0.0,0.0,0.03,42,"{""alpha"": 958.7479255847703}"
20260924T234806138962-june-ridge-tuned:_Crop_plus_weather_plus_soil-field,2026-09-24T23:48:06+00:00,b890d82-dirty,shrestha2024,7ec6bfeebcbe,june,06-30,ridge,tuned: Crop + weather + soil,36,grouped 4-fold by field,Ames;Lincoln;MOValley;Scottsbluff,fold1;fold2;fold3;fold4,60.193,72.639,-7.7605,0.8229,32.368,,0.0,0.0,0.02,42,"{""alpha"": 958.7479255847703}"
20260924T234821524084-june-random_forest-tuned:_Crop_plus_weather_plus_soil-site,2026-09-24T23:48:21+00:00,b890d82-dirty,shrestha2024,7ec6bfeebcbe,june,06-30,random_forest,tuned: Crop + weather + soil,36,leave-one-site-out,Ames;Lincoln;MOValley;Scottsbluff,Ames;Lincoln;MOValley;Scottsbluff,62.513,68.246,-6.0107,0.8758,23.363,0.902,-125.87,101.06,0.46,42,"{""bootstrap"": false, ""n_estimators"": 400, ""max_depth"": 8, ""min_samples_leaf"": 1, ""min_samples_split"": 3, ""max_features"": 0.33}"
20260924T234822120037-june-random_forest-tuned:_Crop_plus_weather_plus_soil-plot,2026-09-24T23:48:22+00:00,b890d82-dirty,shrestha2024,7ec6bfeebcbe,june,06-30,random_forest,tuned: Crop + weather + soil,36,grouped 5-fold by plot,Ames;Lincoln;MOValley;Scottsbluff,fold1;fold2;fold3;fold4;fold5,19.389,24.997,0.7895,0.1778,0.864,,0.0,0.0,0.59,42,"{""bootstrap"": false, ""n_estimators"": 400, ""max_depth"": 8, ""min_samples_leaf"": 1, ""min_samples_split"": 3, ""max_features"": 0.33}"
20260924T234822597352-june-random_forest-tuned:_Crop_plus_weather_plus_soil-field,2026-09-24T23:48:22+00:00,b890d82-dirty,shrestha2024,7ec6bfeebcbe,june,06-30,random_forest,tuned: Crop + weather + soil,36,grouped 4-fold by field,Ames;Lincoln;MOValley;Scottsbluff,fold1;fold2;fold3;fold4,45.872,51.308,-4.3087,0.7601,31.472,,0.0,0.0,0.47,42,"{""bootstrap"": false, ""n_estimators"": 400, ""max_depth"": 8, ""min_samples_leaf"": 1, ""min_samples_split"": 3, ""max_features"": 0.33}"
20260924T234904721236-june-hist_gradient_boosting-tuned:_Crop_plus_weather_plus_soil-site,2026-09-24T23:49:04+00:00,b890d82-dirty,shrestha2024,7ec6bfeebcbe,june,06-30,hist_gradient_boosting,tuned: Crop + weather + soil,36,leave-one-site-out,Ames;Lincoln;MOValley;Scottsbluff,Ames;Lincoln;MOValley;Scottsbluff,58.13,64.161,-5.2911,0.829,24.301,0.902,-123.82,98.9,1.0,42,"{""learning_rate"": 0.17928332856924592, ""max_iter"": 200, ""max_depth"": null, ""max_leaf_nodes"": 11, ""min_samples_leaf"": 7, ""l2_regularization"": 0.00973787897180214, ""max_features"": 0.3582852647512451}"
20260924T234905935883-june-hist_gradient_boosting-tuned:_Crop_plus_weather_plus_soil-plot,2026-09-24T23:49:05+00:00,b890d82-dirty,shrestha2024,7ec6bfeebcbe,june,06-30,hist_gradient_boosting,tuned: Crop + weather + soil,36,grouped 5-fold by plot,Ames;Lincoln;MOValley;Scottsbluff,fold1;fold2;fold3;fold4;fold5,17.275,22.934,0.8228,0.1584,0.685,,0.0,0.0,1.21,42,"{""learning_rate"": 0.17928332856924592, ""max_iter"": 200, ""max_depth"": null, ""max_leaf_nodes"": 11, ""min_samples_leaf"": 7, ""l2_regularization"": 0.00973787897180214, ""max_features"": 0.3582852647512451}"
20260924T234906887096-june-hist_gradient_boosting-tuned:_Crop_plus_weather_plus_soil-field,2026-09-24T23:49:06+00:00,b890d82-dirty,shrestha2024,7ec6bfeebcbe,june,06-30,hist_gradient_boosting,tuned: Crop + weather + soil,36,grouped 4-fold by field,Ames;Lincoln;MOValley;Scottsbluff,fold1;fold2;fold3;fold4,45.645,51.46,-4.1486,0.7423,29.909,,0.0,0.0,0.95,42,"{""learning_rate"": 0.17928332856924592, ""max_iter"": 200, ""max_depth"": null, ""max_leaf_nodes"": 11, ""min_samples_leaf"": 7, ""l2_regularization"": 0.00973787897180214, ""max_features"": 0.3582852647512451}"
20260924T234947666957-june-catboost-tuned:_Crop_plus_weather_plus_soil-site,2026-09-24T23:49:47+00:00,b890d82-dirty,shrestha2024,7ec6bfeebcbe,june,06-30,catboost,tuned: Crop + weather + soil,36,leave-one-site-out,Ames;Lincoln;MOValley;Scottsbluff,Ames;Lincoln;MOValley;Scottsbluff,49.711,55.791,-4.0983,0.7313,22.925,0.902,-114.76,79.84,1.81,42,"{""iterations"": 800, ""learning_rate"": 0.2442046084491143, ""depth"": 8, ""l2_leaf_reg"": 7.641361869233315, ""min_data_in_leaf"": 42, ""rsm"": 0.36194475143634364}"
20260924T234950006034-june-catboost-tuned:_Crop_plus_weather_plus_soil-plot,2026-09-24T23:49:50+00:00,b890d82-dirty,shrestha2024,7ec6bfeebcbe,june,06-30,catboost,tuned: Crop + weather + soil,36,grouped 5-fold by plot,Ames;Lincoln;MOValley;Scottsbluff,fold1;fold2;fold3;fold4;fold5,20.229,26.151,0.7694,0.1855,0.875,,0.0,0.0,2.33,42,"{""iterations"": 800, ""learning_rate"": 0.2442046084491143, ""depth"": 8, ""l2_leaf_reg"": 7.641361869233315, ""min_data_in_leaf"": 42, ""rsm"": 0.36194475143634364}"
20260924T234951856062-june-catboost-tuned:_Crop_plus_weather_plus_soil-field,2026-09-24T23:49:51+00:00,b890d82-dirty,shrestha2024,7ec6bfeebcbe,june,06-30,catboost,tuned: Crop + weather + soil,36,grouped 4-fold by field,Ames;Lincoln;MOValley;Scottsbluff,fold1;fold2;fold3;fold4,47.947,54.175,-3.9888,0.7197,25.203,,0.0,0.0,1.85,42,"{""iterations"": 800, ""learning_rate"": 0.2442046084491143, ""depth"": 8, ""l2_leaf_reg"": 7.641361869233315, ""min_data_in_leaf"": 42, ""rsm"": 0.36194475143634364}"
20260924T234956766768-july-ridge-Management_only-site,2026-09-24T23:49:56+00:00,b890d82-dirty,shrestha2024,7ec6bfeebcbe,july,07-31,ridge,Management only,3,leave-one-site-out,Ames;Lincoln;MOValley;Scottsbluff,Ames;Lincoln;MOValley;Scottsbluff,69.224,74.904,-7.0325,0.8971,15.817,0.902,-120.22,107.86,0.02,42,"{""alpha"": 1.0}"
20260924T234957278479-july-random_forest-Management_only-site,2026-09-24T23:49:57+00:00,b890d82-dirty,shrestha2024,7ec6bfeebcbe,july,07-31,random_forest,Management only,3,leave-one-site-out,Ames;Lincoln;MOValley;Scottsbluff,Ames;Lincoln;MOValley;Scottsbluff,80.325,88.012,-8.9526,0.9794,11.305,0.902,-124.12,143.16,0.51,42,"{""n_estimators"": 300, ""min_samples_leaf"": 5, ""max_features"": 0.5}"
20260924T234959473453-july-hist_gradient_boosting-Management_only-site,2026-09-24T23:49:59+00:00,b890d82-dirty,shrestha2024,7ec6bfeebcbe,july,07-31,hist_gradient_boosting,Management only,3,leave-one-site-out,Ames;Lincoln;MOValley;Scottsbluff,Ames;Lincoln;MOValley;Scottsbluff,83.219,90.718,-9.7386,1.0286,13.71,0.9014,-139.43,145.01,2.19,42,"{""learning_rate"": 0.05, ""max_iter"": 300}"
20260924T234959968254-july-catboost-Management_only-site,2026-09-24T23:49:59+00:00,b890d82-dirty,shrestha2024,7ec6bfeebcbe,july,07-31,catboost,Management only,3,leave-one-site-out,Ames;Lincoln;MOValley;Scottsbluff,Ames;Lincoln;MOValley;Scottsbluff,81.439,88.76,-9.183,0.9981,12.816,0.9014,-129.09,143.51,0.49,42,"{""iterations"": 500, ""learning_rate"": 0.05, ""depth"": 6}"
20260924T235000004732-july-ridge-Crop_signals-site,2026-09-24T23:50:00+00:00,b890d82-dirty,shrestha2024,7ec6bfeebcbe,july,07-31,ridge,Crop signals,27,leave-one-site-out,Ames;Lincoln;MOValley;Scottsbluff,Ames;Lincoln;MOValley;Scottsbluff,139.327,143.342,-26.9545,1.6896,46.923,0.902,-190.18,249.05,0.03,42,"{""alpha"": 1.0}"
20260924T235000763467-july-random_forest-Crop_signals-site,2026-09-24T23:50:00+00:00,b890d82-dirty,shrestha2024,7ec6bfeebcbe,july,07-31,random_forest,Crop signals,27,leave-one-site-out,Ames;Lincoln;MOValley;Scottsbluff,Ames;Lincoln;MOValley;Scottsbluff,54.965,60.09,-4.6205,0.7632,30.376,0.9014,-110.96,118.89,0.76,42,"{""n_estimators"": 300, ""min_samples_leaf"": 5, ""max_features"": 0.5}"
20260924T235004473904-july-hist_gradient_boosting-Crop_signals-site,2026-09-24T23:50:04+00:00,b890d82-dirty,shrestha2024,7ec6bfeebcbe,july,07-31,hist_gradient_boosting,Crop signals,27,leave-one-site-out,Ames;Lincoln;MOValley;Scottsbluff,Ames;Lincoln;MOValley;Scottsbluff,46.27,51.674,-3.4532,0.6935,22.732,0.9014,-108.95,67.8,3.71,42,"{""learning_rate"": 0.05, ""max_iter"": 300}"
20260924T235006136418-july-catboost-Crop_signals-site,2026-09-24T23:50:06+00:00,b890d82-dirty,shrestha2024,7ec6bfeebcbe,july,07-31,catboost,Crop signals,27,leave-one-site-out,Ames;Lincoln;MOValley;Scottsbluff,Ames;Lincoln;MOValley;Scottsbluff,47.944,53.751,-3.666,0.6949,27.988,0.902,-103.32,108.49,1.66,42,"{""iterations"": 500, ""learning_rate"": 0.05, ""depth"": 6}"
20260924T235007044654-july-ridge-Crop_plus_timing-site,2026-09-24T23:50:07+00:00,b890d82-dirty,shrestha2024,7ec6bfeebcbe,july,07-31,ridge,Crop + timing,29,leave-one-site-out,Ames;Lincoln;MOValley;Scottsbluff,Ames;Lincoln;MOValley;Scottsbluff,308.97,312.368,-282.1238,2.6851,284.283,0.9014,-164.58,777.94,0.03,42,"{""alpha"": 1.0}"
20260924T235007804678-july-random_forest-Crop_plus_timing-site,2026-09-24T23:50:07+00:00,b890d82-dirty,shrestha2024,7ec6bfeebcbe,july,07-31,random_forest,Crop + timing,29,leave-one-site-out,Ames;Lincoln;MOValley;Scottsbluff,Ames;Lincoln;MOValley;Scottsbluff,62.028,67.072,-4.9555,0.7758,25.154,0.9014,-100.55,125.09,0.76,42,"{""n_estimators"": 300, ""min_samples_leaf"": 5, ""max_features"": 0.5}"
20260924T235011279854-july-hist_gradient_boosting-Crop_plus_timing-site,2026-09-24T23:50:11+00:00,b890d82-dirty,shrestha2024,7ec6bfeebcbe,july,07-31,hist_gradient_boosting,Crop + timing,29,leave-one-site-out,Ames;Lincoln;MOValley;Scottsbluff,Ames;Lincoln;MOValley;Scottsbluff,55.622,60.756,-4.2282,0.7187,22.681,0.902,-99.25,107.69,3.47,42,"{""learning_rate"": 0.05, ""max_iter"": 300}"
20260924T235012934878-july-catboost-Crop_plus_timing-site,2026-09-24T23:50:12+00:00,b890d82-dirty,shrestha2024,7ec6bfeebcbe,july,07-31,catboost,Crop + timing,29,leave-one-site-out,Ames;Lincoln;MOValley;Scottsbluff,Ames;Lincoln;MOValley;Scottsbluff,55.42,61.145,-4.0918,0.7179,23.367,0.902,-97.52,114.75,1.65,42,"{""iterations"": 500, ""learning_rate"": 0.05, ""depth"": 6}"
20260924T235013942173-july-ridge-Crop_plus_weather-site,2026-09-24T23:50:13+00:00,b890d82-dirty,shrestha2024,7ec6bfeebcbe,july,07-31,ridge,Crop + weather,56,leave-one-site-out,Ames;Lincoln;MOValley;Scottsbluff,Ames;Lincoln;MOValley;Scottsbluff,390.355,393.628,-432.6988,4.5063,329.998,0.902,-459.37,906.48,0.03,42,"{""alpha"": 1.0}"
20260924T235014739504-july-random_forest-Crop_plus_weather-site,2026-09-24T23:50:14+00:00,b890d82-dirty,shrestha2024,7ec6bfeebcbe,july,07-31,random_forest,Crop + weather,56,leave-one-site-out,Ames;Lincoln;MOValley;Scottsbluff,Ames;Lincoln;MOValley;Scottsbluff,73.579,78.549,-7.3214,0.9193,29.762,0.902,-117.42,148.35,0.8,42,"{""n_estimators"": 300, ""min_samples_leaf"": 5, ""max_features"": 0.5}"
20260924T235018514128-july-hist_gradient_boosting-Crop_plus_weather-site,2026-09-24T23:50:18+00:00,b890d82-dirty,shrestha2024,7ec6bfeebcbe,july,07-31,hist_gradient_boosting,Crop + weather,56,leave-one-site-out,Ames;Lincoln;MOValley;Scottsbluff,Ames;Lincoln;MOValley;Scottsbluff,79.647,84.694,-9.2625,0.9728,33.28,0.9014,-128.25,155.36,3.77,42,"{""learning_rate"": 0.05, ""max_iter"": 300}"
20260924T235020361731-july-catboost-Crop_plus_weather-site,2026-09-24T23:50:20+00:00,b890d82-dirty,shrestha2024,7ec6bfeebcbe,july,07-31,catboost,Crop + weather,56,leave-one-site-out,Ames;Lincoln;MOValley;Scottsbluff,Ames;Lincoln;MOValley;Scottsbluff,61.558,67.039,-5.3785,0.808,28.399,0.902,-108.79,131.02,1.85,42,"{""iterations"": 500, ""learning_rate"": 0.05, ""depth"": 6}"
20260924T235020879946-july-ridge-Crop_plus_soil-site,2026-09-24T23:50:20+00:00,b890d82-dirty,shrestha2024,7ec6bfeebcbe,july,07-31,ridge,Crop + soil,33,leave-one-site-out,Ames;Lincoln;MOValley;Scottsbluff,Ames;Lincoln;MOValley;Scottsbluff,128.314,134.875,-32.4166,1.9062,65.838,0.9014,-273.23,154.67,0.03,42,"{""alpha"": 1.0}"
20260924T235021645953-july-random_forest-Crop_plus_soil-site,2026-09-24T23:50:21+00:00,b890d82-dirty,shrestha2024,7ec6bfeebcbe,july,07-31,random_forest,Crop + soil,33,leave-one-site-out,Ames;Lincoln;MOValley;Scottsbluff,Ames;Lincoln;MOValley;Scottsbluff,56.341,61.603,-4.6347,0.7705,27.396,0.902,-110.82,114.95,0.77,42,"{""n_estimators"": 300, ""min_samples_leaf"": 5, ""max_features"": 0.5}"
20260924T235025074508-july-hist_gradient_boosting-Crop_plus_soil-site,2026-09-24T23:50:25+00:00,b890d82-dirty,shrestha2024,7ec6bfeebcbe,july,07-31,hist_gradient_boosting,Crop + soil,33,leave-one-site-out,Ames;Lincoln;MOValley;Scottsbluff,Ames;Lincoln;MOValley;Scottsbluff,49.914,56.553,-3.7363,0.6961,19.583,0.902,-103.97,100.76,3.43,42,"{""learning_rate"": 0.05, ""max_iter"": 300}"
20260924T235026767867-july-catboost-Crop_plus_soil-site,2026-09-24T23:50:26+00:00,b890d82-dirty,shrestha2024,7ec6bfeebcbe,july,07-31,catboost,Crop + soil,33,leave-one-site-out,Ames;Lincoln;MOValley;Scottsbluff,Ames;Lincoln;MOValley;Scottsbluff,48.087,54.352,-3.6275,0.7014,24.223,0.9014,-106.25,92.42,1.69,42,"{""iterations"": 500, ""learning_rate"": 0.05, ""depth"": 6}"
20260924T235027698184-july-ridge-Crop_plus_weather_plus_soil-site,2026-09-24T23:50:27+00:00,b890d82-dirty,shrestha2024,7ec6bfeebcbe,july,07-31,ridge,Crop + weather + soil,64,leave-one-site-out,Ames;Lincoln;MOValley;Scottsbluff,Ames;Lincoln;MOValley;Scottsbluff,259.316,263.737,-181.1006,3.0169,206.314,0.9014,-322.97,579.13,0.04,42,"{""alpha"": 1.0}"
20260924T235028487735-july-random_forest-Crop_plus_weather_plus_soil-site,2026-09-24T23:50:28+00:00,b890d82-dirty,shrestha2024,7ec6bfeebcbe,july,07-31,random_forest,Crop + weather + soil,64,leave-one-site-out,Ames;Lincoln;MOValley;Scottsbluff,Ames;Lincoln;MOValley;Scottsbluff,70.802,75.863,-6.981,0.8995,33.11,0.9014,-118.41,149.32,0.79,42,"{""n_estimators"": 300, ""min_samples_leaf"": 5, ""max_features"": 0.5}"
20260924T235032397960-july-hist_gradient_boosting-Crop_plus_weather_plus_soil-site,2026-09-24T23:50:32+00:00,b890d82-dirty,shrestha2024,7ec6bfeebcbe,july,07-31,hist_gradient_boosting,Crop + weather + soil,64,leave-one-site-out,Ames;Lincoln;MOValley;Scottsbluff,Ames;Lincoln;MOValley;Scottsbluff,80.121,85.108,-9.4372,0.9496,31.786,0.902,-122.06,151.16,3.91,42,"{""learning_rate"": 0.05, ""max_iter"": 300}"
20260924T235034334279-july-catboost-Crop_plus_weather_plus_soil-site,2026-09-24T23:50:34+00:00,b890d82-dirty,shrestha2024,7ec6bfeebcbe,july,07-31,catboost,Crop + weather + soil,64,leave-one-site-out,Ames;Lincoln;MOValley;Scottsbluff,Ames;Lincoln;MOValley;Scottsbluff,63.304,68.925,-5.4177,0.8123,23.53,0.902,-107.42,125.43,1.94,42,"{""iterations"": 500, ""learning_rate"": 0.05, ""depth"": 6}"
"20260924T235034862949-july-ridge-All_(plus_timing,_county_history)-site",2026-09-24T23:50:34+00:00,b890d82-dirty,shrestha2024,7ec6bfeebcbe,july,07-31,ridge,"All (+ timing, county history)",68,leave-one-site-out,Ames;Lincoln;MOValley;Scottsbluff,Ames;Lincoln;MOValley;Scottsbluff,301.58,306.3,-242.7506,3.8182,236.2,0.902,-443.41,635.4,0.04,42,"{""alpha"": 1.0}"
"20260924T235035664394-july-random_forest-All_(plus_timing,_county_history)-site",2026-09-24T23:50:35+00:00,b890d82-dirty,shrestha2024,7ec6bfeebcbe,july,07-31,random_forest,"All (+ timing, county history)",68,leave-one-site-out,Ames;Lincoln;MOValley;Scottsbluff,Ames;Lincoln;MOValley;Scottsbluff,72.996,77.866,-7.069,0.915,28.111,0.902,-117.77,141.94,0.8,42,"{""n_estimators"": 300, ""min_samples_leaf"": 5, ""max_features"": 0.5}"
"20260924T235039451178-july-hist_gradient_boosting-All_(plus_timing,_county_history)-site",2026-09-24T23:50:39+00:00,b890d82-dirty,shrestha2024,7ec6bfeebcbe,july,07-31,hist_gradient_boosting,"All (+ timing, county history)",68,leave-one-site-out,Ames;Lincoln;MOValley;Scottsbluff,Ames;Lincoln;MOValley;Scottsbluff,94.905,98.971,-11.1886,1.0625,11.98,0.902,-122.06,152.54,3.79,42,"{""learning_rate"": 0.05, ""max_iter"": 300}"
"20260924T235041330490-july-catboost-All_(plus_timing,_county_history)-site",2026-09-24T23:50:41+00:00,b890d82-dirty,shrestha2024,7ec6bfeebcbe,july,07-31,catboost,"All (+ timing, county history)",68,leave-one-site-out,Ames;Lincoln;MOValley;Scottsbluff,Ames;Lincoln;MOValley;Scottsbluff,59.23,65.015,-4.9269,0.7935,23.848,0.9014,-109.12,114.43,1.88,42,"{""iterations"": 500, ""learning_rate"": 0.05, ""depth"": 6}"
20260924T235041902035-july-mean-tuned:_Crop_signals-site,2026-09-24T23:50:41+00:00,b890d82-dirty,shrestha2024,7ec6bfeebcbe,july,07-31,mean,tuned: Crop signals,27,leave-one-site-out,Ames;Lincoln;MOValley;Scottsbluff,Ames;Lincoln;MOValley;Scottsbluff,58.77,64.575,-5.5914,0.8341,23.233,0.9014,-124.11,88.24,0.0,42,{}
20260924T235041909834-july-mean-tuned:_Crop_signals-plot,2026-09-24T23:50:41+00:00,b890d82-dirty,shrestha2024,7ec6bfeebcbe,july,07-31,mean,tuned: Crop signals,27,grouped 5-fold by plot,Ames;Lincoln;MOValley;Scottsbluff,fold1;fold2;fold3;fold4;fold5,46.656,54.554,-0.0002,0.4278,1.066,,0.0,0.0,0.0,42,{}
20260924T235041915107-july-mean-tuned:_Crop_signals-field,2026-09-24T23:50:41+00:00,b890d82-dirty,shrestha2024,7ec6bfeebcbe,july,07-31,mean,tuned: Crop signals,27,grouped 4-fold by field,Ames;Lincoln;MOValley;Scottsbluff,fold1;fold2;fold3;fold4,56.684,62.288,-5.2936,0.8232,27.193,,0.0,0.0,0.0,42,{}
20260924T235042741169-july-ridge-tuned:_Crop_signals-site,2026-09-24T23:50:42+00:00,b890d82-dirty,shrestha2024,7ec6bfeebcbe,july,07-31,ridge,tuned: Crop signals,27,leave-one-site-out,Ames;Lincoln;MOValley;Scottsbluff,Ames;Lincoln;MOValley;Scottsbluff,83.515,88.701,-10.5007,1.0027,49.237,0.9014,-123.76,202.03,0.03,42,"{""alpha"": 898.4461083770095}"
20260924T235042778072-july-ridge-tuned:_Crop_signals-plot,2026-09-24T23:50:42+00:00,b890d82-dirty,shrestha2024,7ec6bfeebcbe,july,07-31,ridge,tuned: Crop signals,27,grouped 5-fold by plot,Ames;Lincoln;MOValley;Scottsbluff,fold1;fold2;fold3;fold4;fold5,27.107,33.031,0.6334,0.2485,0.596,,0.0,0.0,0.03,42,"{""alpha"": 898.4461083770095}"
20260924T235042806844-july-ridge-tuned:_Crop_signals-field,2026-09-24T23:50:42+00:00,b890d82-dirty,shrestha2024,7ec6bfeebcbe,july,07-31,ridge,tuned: Crop signals,27,grouped 4-fold by field,Ames;Lincoln;MOValley;Scottsbluff,fold1;fold2;fold3;fold4,50.248,56.009,-4.5951,0.7775,28.917,,0.0,0.0,0.03,42,"{""alpha"": 898.4461083770095}"
20260924T235113486083-july-random_forest-tuned:_Crop_signals-site,2026-09-24T23:51:13+00:00,b890d82-dirty,shrestha2024,7ec6bfeebcbe,july,07-31,random_forest,tuned: Crop signals,27,leave-one-site-out,Ames;Lincoln;MOValley;Scottsbluff,Ames;Lincoln;MOValley;Scottsbluff,52.994,58.166,-4.4097,0.7588,29.073,0.902,-112.25,109.23,0.99,42,"{""bootstrap"": true, ""n_estimators"": 400, ""max_depth"": 12, ""min_samples_leaf"": 1, ""min_samples_split"": 5, ""max_features"": 0.7, ""max_samples"": 0.6258092205302889}"
20260924T235114751812-july-random_forest-tuned:_Crop_signals-plot,2026-09-24T23:51:14+00:00,b890d82-dirty,shrestha2024,7ec6bfeebcbe,july,07-31,random_forest,tuned: Crop signals,27,grouped 5-fold by plot,Ames;Lincoln;MOValley;Scottsbluff,fold1;fold2;fold3;fold4;fold5,17.569,22.996,0.8221,0.1611,0.693,,0.0,0.0,1.26,42,"{""bootstrap"": true, ""n_estimators"": 400, ""max_depth"": 12, ""min_samples_leaf"": 1, ""min_samples_split"": 5, ""max_features"": 0.7, ""max_samples"": 0.6258092205302889}"
20260924T235115737851-july-random_forest-tuned:_Crop_signals-field,2026-09-24T23:51:15+00:00,b890d82-dirty,shrestha2024,7ec6bfeebcbe,july,07-31,random_forest,tuned: Crop signals,27,grouped 4-fold by field,Ames;Lincoln;MOValley;Scottsbluff,fold1;fold2;fold3;fold4,44.063,49.459,-3.4726,0.701,26.38,,0.0,0.0,0.98,42,"{""bootstrap"": true, ""n_estimators"": 400, ""max_depth"": 12, ""min_samples_leaf"": 1, ""min_samples_split"": 5, ""max_features"": 0.7, ""max_samples"": 0.6258092205302889}"
20260924T235252428579-july-hist_gradient_boosting-tuned:_Crop_signals-site,2026-09-24T23:52:52+00:00,b890d82-dirty,shrestha2024,7ec6bfeebcbe,july,07-31,hist_gradient_boosting,tuned: Crop signals,27,leave-one-site-out,Ames;Lincoln;MOValley;Scottsbluff,Ames;Lincoln;MOValley;Scottsbluff,44.92,50.508,-3.2734,0.6759,23.758,0.902,-106.37,79.1,2.68,42,"{""learning_rate"": 0.10827682122185907, ""max_iter"": 300, ""max_depth"": null, ""max_leaf_nodes"": 21, ""min_samples_leaf"": 18, ""l2_regularization"": 1.5201554030885167, ""max_features"": 0.8883481509197951}"
20260924T235255451600-july-hist_gradient_boosting-tuned:_Crop_signals-plot,2026-09-24T23:52:55+00:00,b890d82-dirty,shrestha2024,7ec6bfeebcbe,july,07-31,hist_gradient_boosting,tuned: Crop signals,27,grouped 5-fold by plot,Ames;Lincoln;MOValley;Scottsbluff,fold1;fold2;fold3;fold4;fold5,17.209,22.896,0.8235,0.1578,0.755,,0.0,0.0,3.02,42,"{""learning_rate"": 0.10827682122185907, ""max_iter"": 300, ""max_depth"": null, ""max_leaf_nodes"": 21, ""min_samples_leaf"": 18, ""l2_regularization"": 1.5201554030885167, ""max_features"": 0.8883481509197951}"
20260924T235257982390-july-hist_gradient_boosting-tuned:_Crop_signals-field,2026-09-24T23:52:57+00:00,b890d82-dirty,shrestha2024,7ec6bfeebcbe,july,07-31,hist_gradient_boosting,tuned: Crop signals,27,grouped 4-fold by field,Ames;Lincoln;MOValley;Scottsbluff,fold1;fold2;fold3;fold4,44.136,49.99,-3.232,0.6755,23.013,,0.0,0.0,2.53,42,"{""learning_rate"": 0.10827682122185907, ""max_iter"": 300, ""max_depth"": null, ""max_leaf_nodes"": 21, ""min_samples_leaf"": 18, ""l2_regularization"": 1.5201554030885167, ""max_features"": 0.8883481509197951}"
20260924T235356937830-july-catboost-tuned:_Crop_signals-site,2026-09-24T23:53:56+00:00,b890d82-dirty,shrestha2024,7ec6bfeebcbe,july,07-31,catboost,tuned: Crop signals,27,leave-one-site-out,Ames;Lincoln;MOValley;Scottsbluff,Ames;Lincoln;MOValley;Scottsbluff,45.299,51.266,-3.295,0.6723,25.695,0.9014,-102.04,96.44,1.42,42,"{""iterations"": 400, ""learning_rate"": 0.07140035263180303, ""depth"": 6, ""l2_leaf_reg"": 3.1560039845279286, ""min_data_in_leaf"": 13, ""rsm"": 0.7610963741165088}"
20260924T235358710743-july-catboost-tuned:_Crop_signals-plot,2026-09-24T23:53:58+00:00,b890d82-dirty,shrestha2024,7ec6bfeebcbe,july,07-31,catboost,tuned: Crop signals,27,grouped 5-fold by plot,Ames;Lincoln;MOValley;Scottsbluff,fold1;fold2;fold3;fold4;fold5,16.912,22.378,0.8315,0.1551,0.565,,0.0,0.0,1.77,42,"{""iterations"": 400, ""learning_rate"": 0.07140035263180303, ""depth"": 6, ""l2_leaf_reg"": 3.1560039845279286, ""min_data_in_leaf"": 13, ""rsm"": 0.7610963741165088}"
20260924T235400127556-july-catboost-tuned:_Crop_signals-field,2026-09-24T23:54:00+00:00,b890d82-dirty,shrestha2024,7ec6bfeebcbe,july,07-31,catboost,tuned: Crop signals,27,grouped 4-fold by field,Ames;Lincoln;MOValley;Scottsbluff,fold1;fold2;fold3;fold4,41.786,47.071,-2.8922,0.6513,23.394,,0.0,0.0,1.41,42,"{""iterations"": 400, ""learning_rate"": 0.07140035263180303, ""depth"": 6, ""l2_leaf_reg"": 3.1560039845279286, ""min_data_in_leaf"": 13, ""rsm"": 0.7610963741165088}"
20260924T235409280771-august-ridge-Management_only-site,2026-09-24T23:54:09+00:00,b890d82-dirty,shrestha2024,7ec6bfeebcbe,august,08-31,ridge,Management only,3,leave-one-site-out,Ames;Lincoln;MOValley;Scottsbluff,Ames;Lincoln;MOValley;Scottsbluff,69.224,74.904,-7.0325,0.8971,15.817,0.902,-120.22,107.86,0.02,42,"{""alpha"": 1.0}"
20260924T235409794608-august-random_forest-Management_only-site,2026-09-24T23:54:09+00:00,b890d82-dirty,shrestha2024,7ec6bfeebcbe,august,08-31,random_forest,Management only,3,leave-one-site-out,Ames;Lincoln;MOValley;Scottsbluff,Ames;Lincoln;MOValley;Scottsbluff,80.325,88.012,-8.9526,0.9794,11.305,0.902,-124.12,143.16,0.51,42,"{""n_estimators"": 300, ""min_samples_leaf"": 5, ""max_features"": 0.5}"
20260924T235411849812-august-hist_gradient_boosting-Management_only-site,2026-09-24T23:54:11+00:00,b890d82-dirty,shrestha2024,7ec6bfeebcbe,august,08-31,hist_gradient_boosting,Management only,3,leave-one-site-out,Ames;Lincoln;MOValley;Scottsbluff,Ames;Lincoln;MOValley;Scottsbluff,83.219,90.718,-9.7386,1.0286,13.71,0.9014,-139.43,145.01,2.05,42,"{""learning_rate"": 0.05, ""max_iter"": 300}"
20260924T235412334337-august-catboost-Management_only-site,2026-09-24T23:54:12+00:00,b890d82-dirty,shrestha2024,7ec6bfeebcbe,august,08-31,catboost,Management only,3,leave-one-site-out,Ames;Lincoln;MOValley;Scottsbluff,Ames;Lincoln;MOValley;Scottsbluff,81.439,88.76,-9.183,0.9981,12.816,0.9014,-129.09,143.51,0.48,42,"{""iterations"": 500, ""learning_rate"": 0.05, ""depth"": 6}"
20260924T235412374129-august-ridge-Crop_signals-site,2026-09-24T23:54:12+00:00,b890d82-dirty,shrestha2024,7ec6bfeebcbe,august,08-31,ridge,Crop signals,39,leave-one-site-out,Ames;Lincoln;MOValley;Scottsbluff,Ames;Lincoln;MOValley;Scottsbluff,32.986,39.697,-0.9033,0.3368,14.045,0.902,-30.65,91.87,0.03,42,"{""alpha"": 1.0}"
20260924T235413238326-august-random_forest-Crop_signals-site,2026-09-24T23:54:13+00:00,b890d82-dirty,shrestha2024,7ec6bfeebcbe,august,08-31,random_forest,Crop signals,39,leave-one-site-out,Ames;Lincoln;MOValley;Scottsbluff,Ames;Lincoln;MOValley;Scottsbluff,45.433,50.899,-2.8003,0.5849,12.06,0.902,-83.19,73.96,0.86,42,"{""n_estimators"": 300, ""min_samples_leaf"": 5, ""max_features"": 0.5}"
20260924T235416710372-august-hist_gradient_boosting-Crop_signals-site,2026-09-24T23:54:16+00:00,b890d82-dirty,shrestha2024,7ec6bfeebcbe,august,08-31,hist_gradient_boosting,Crop signals,39,leave-one-site-out,Ames;Lincoln;MOValley;Scottsbluff,Ames;Lincoln;MOValley;Scottsbluff,48.546,53.95,-3.7095,0.6521,18.218,0.902,-95.16,76.02,3.47,42,"{""learning_rate"": 0.05, ""max_iter"": 300}"
20260924T235418823390-august-catboost-Crop_signals-site,2026-09-24T23:54:18+00:00,b890d82-dirty,shrestha2024,7ec6bfeebcbe,august,08-31,catboost,Crop signals,39,leave-one-site-out,Ames;Lincoln;MOValley;Scottsbluff,Ames;Lincoln;MOValley;Scottsbluff,45.927,51.89,-3.0505,0.6366,17.658,0.9014,-96.08,85.04,2.11,42,"{""iterations"": 500, ""learning_rate"": 0.05, ""depth"": 6}"
20260924T235418867698-august-ridge-Crop_plus_timing-site,2026-09-24T23:54:18+00:00,b890d82-dirty,shrestha2024,7ec6bfeebcbe,august,08-31,ridge,Crop + timing,41,leave-one-site-out,Ames;Lincoln;MOValley;Scottsbluff,Ames;Lincoln;MOValley;Scottsbluff,358.297,362.336,-368.7318,5.3836,307.843,0.902,-707.99,653.32,0.03,42,"{""alpha"": 1.0}"
20260924T235419675935-august-random_forest-Crop_plus_timing-site,2026-09-24T23:54:19+00:00,b890d82-dirty,shrestha2024,7ec6bfeebcbe,august,08-31,random_forest,Crop + timing,41,leave-one-site-out,Ames;Lincoln;MOValley;Scottsbluff,Ames;Lincoln;MOValley;Scottsbluff,45.854,51.376,-2.8711,0.5854,12.306,0.902,-82.88,76.95,0.81,42,"{""n_estimators"": 300, ""min_samples_leaf"": 5, ""max_features"": 0.5}"
20260924T235423088230-august-hist_gradient_boosting-Crop_plus_timing-site,2026-09-24T23:54:23+00:00,b890d82-dirty,shrestha2024,7ec6bfeebcbe,august,08-31,hist_gradient_boosting,Crop + timing,41,leave-one-site-out,Ames;Lincoln;MOValley;Scottsbluff,Ames;Lincoln;MOValley;Scottsbluff,45.984,51.67,-3.3007,0.623,17.542,0.9014,-94.37,74.06,3.41,42,"{""learning_rate"": 0.05, ""max_iter"": 300}"
20260924T235425222506-august-catboost-Crop_plus_timing-site,2026-09-24T23:54:25+00:00,b890d82-dirty,shrestha2024,7ec6bfeebcbe,august,08-31,catboost,Crop + timing,41,leave-one-site-out,Ames;Lincoln;MOValley;Scottsbluff,Ames;Lincoln;MOValley;Scottsbluff,45.451,51.616,-2.7965,0.6027,14.349,0.9014,-86.35,86.41,2.13,42,"{""iterations"": 500, ""learning_rate"": 0.05, ""depth"": 6}"
20260924T235425529508-august-ridge-Crop_plus_weather-site,2026-09-24T23:54:25+00:00,b890d82-dirty,shrestha2024,7ec6bfeebcbe,august,08-31,ridge,Crop + weather,72,leave-one-site-out,Ames;Lincoln;MOValley;Scottsbluff,Ames;Lincoln;MOValley;Scottsbluff,148.335,153.032,-56.3194,2.0166,110.849,0.9014,-254.13,284.25,0.04,42,"{""alpha"": 1.0}"
20260924T235426439830-august-random_forest-Crop_plus_weather-site,2026-09-24T23:54:26+00:00,b890d82-dirty,shrestha2024,7ec6bfeebcbe,august,08-31,random_forest,Crop + weather,72,leave-one-site-out,Ames;Lincoln;MOValley;Scottsbluff,Ames;Lincoln;MOValley;Scottsbluff,45.745,51.136,-3.1123,0.629,16.641,0.902,-94.35,68.96,0.91,42,"{""n_estimators"": 300, ""min_samples_leaf"": 5, ""max_features"": 0.5}"
20260924T235430082495-august-hist_gradient_boosting-Crop_plus_weather-site,2026-09-24T23:54:30+00:00,b890d82-dirty,shrestha2024,7ec6bfeebcbe,august,08-31,hist_gradient_boosting,Crop + weather,72,leave-one-site-out,Ames;Lincoln;MOValley;Scottsbluff,Ames;Lincoln;MOValley;Scottsbluff,46.324,51.466,-3.3246,0.6496,18.39,0.902,-98.34,62.86,3.64,42,"{""learning_rate"": 0.05, ""max_iter"": 300}"
20260924T235432462917-august-catboost-Crop_plus_weather-site,2026-09-24T23:54:32+00:00,b890d82-dirty,shrestha2024,7ec6bfeebcbe,august,08-31,catboost,Crop + weather,72,leave-one-site-out,Ames;Lincoln;MOValley;Scottsbluff,Ames;Lincoln;MOValley;Scottsbluff,48.579,54.41,-3.4648,0.6678,20.772,0.902,-99.7,99.25,2.38,42,"{""iterations"": 500, ""learning_rate"": 0.05, ""depth"": 6}"
20260924T235432795205-august-ridge-Crop_plus_soil-site,2026-09-24T23:54:32+00:00,b890d82-dirty,shrestha2024,7ec6bfeebcbe,august,08-31,ridge,Crop + soil,45,leave-one-site-out,Ames;Lincoln;MOValley;Scottsbluff,Ames;Lincoln;MOValley;Scottsbluff,37.796,44.327,-1.8561,0.5159,15.398,0.902,-84.31,86.13,0.03,42,"{""alpha"": 1.0}"
20260924T235433649733-august-random_forest-Crop_plus_soil-site,2026-09-24T23:54:33+00:00,b890d82-dirty,shrestha2024,7ec6bfeebcbe,august,08-31,random_forest,Crop + soil,45,leave-one-site-out,Ames;Lincoln;MOValley;Scottsbluff,Ames;Lincoln;MOValley;Scottsbluff,45.568,51.112,-2.8,0.581,11.529,0.902,-82.21,74.3,0.85,42,"{""n_estimators"": 300, ""min_samples_leaf"": 5, ""max_features"": 0.5}"
20260924T235437062457-august-hist_gradient_boosting-Crop_plus_soil-site,2026-09-24T23:54:37+00:00,b890d82-dirty,shrestha2024,7ec6bfeebcbe,august,08-31,hist_gradient_boosting,Crop + soil,45,leave-one-site-out,Ames;Lincoln;MOValley;Scottsbluff,Ames;Lincoln;MOValley;Scottsbluff,47.233,52.895,-3.3538,0.6244,15.706,0.902,-90.34,75.88,3.41,42,"{""learning_rate"": 0.05, ""max_iter"": 300}"
20260924T235439259671-august-catboost-Crop_plus_soil-site,2026-09-24T23:54:39+00:00,b890d82-dirty,shrestha2024,7ec6bfeebcbe,august,08-31,catboost,Crop + soil,45,leave-one-site-out,Ames;Lincoln;MOValley;Scottsbluff,Ames;Lincoln;MOValley;Scottsbluff,44.201,50.081,-2.7687,0.607,15.656,0.9014,-91.8,77.06,2.2,42,"{""iterations"": 500, ""learning_rate"": 0.05, ""depth"": 6}"
20260924T235439316018-august-ridge-Crop_plus_weather_plus_soil-site,2026-09-24T23:54:39+00:00,b890d82-dirty,shrestha2024,7ec6bfeebcbe,august,08-31,ridge,Crop + weather + soil,80,leave-one-site-out,Ames;Lincoln;MOValley;Scottsbluff,Ames;Lincoln;MOValley;Scottsbluff,102.435,107.065,-21.3929,1.4416,55.544,0.902,-195.16,146.39,0.04,42,"{""alpha"": 1.0}"
20260924T235440290352-august-random_forest-Crop_plus_weather_plus_soil-site,2026-09-24T23:54:40+00:00,b890d82-dirty,shrestha2024,7ec6bfeebcbe,august,08-31,random_forest,Crop + weather + soil,80,leave-one-site-out,Ames;Lincoln;MOValley;Scottsbluff,Ames;Lincoln;MOValley;Scottsbluff,46.322,51.705,-3.2503,0.6382,17.25,0.9014,-96.51,68.32,0.97,42,"{""n_estimators"": 300, ""min_samples_leaf"": 5, ""max_features"": 0.5}"
20260924T235444247979-august-hist_gradient_boosting-Crop_plus_weather_plus_soil-site,2026-09-24T23:54:44+00:00,b890d82-dirty,shrestha2024,7ec6bfeebcbe,august,08-31,hist_gradient_boosting,Crop + weather + soil,80,leave-one-site-out,Ames;Lincoln;MOValley;Scottsbluff,Ames;Lincoln;MOValley;Scottsbluff,48.79,53.9,-3.8167,0.6788,19.773,0.902,-100.43,69.76,3.96,42,"{""learning_rate"": 0.05, ""max_iter"": 300}"
20260924T235446680234-august-catboost-Crop_plus_weather_plus_soil-site,2026-09-24T23:54:46+00:00,b890d82-dirty,shrestha2024,7ec6bfeebcbe,august,08-31,catboost,Crop + weather + soil,80,leave-one-site-out,Ames;Lincoln;MOValley;Scottsbluff,Ames;Lincoln;MOValley;Scottsbluff,49.07,54.932,-3.5642,0.6843,23.731,0.902,-102.12,103.14,2.43,42,"{""iterations"": 500, ""learning_rate"": 0.05, ""depth"": 6}"
"20260924T235447054300-august-ridge-All_(plus_timing,_county_history)-site",2026-09-24T23:54:47+00:00,b890d82-dirty,shrestha2024,7ec6bfeebcbe,august,08-31,ridge,"All (+ timing, county history)",84,leave-one-site-out,Ames;Lincoln;MOValley;Scottsbluff,Ames;Lincoln;MOValley;Scottsbluff,319.517,322.688,-237.7911,4.4431,211.779,0.9008,-545.24,534.99,0.04,42,"{""alpha"": 1.0}"
"20260924T235448008921-august-random_forest-All_(plus_timing,_county_history)-site",2026-09-24T23:54:48+00:00,b890d82-dirty,shrestha2024,7ec6bfeebcbe,august,08-31,random_forest,"All (+ timing, county history)",84,leave-one-site-out,Ames;Lincoln;MOValley;Scottsbluff,Ames;Lincoln;MOValley;Scottsbluff,45.829,51.283,-3.163,0.6338,17.242,0.9014,-95.12,70.44,0.95,42,"{""n_estimators"": 300, ""min_samples_leaf"": 5, ""max_features"": 0.5}"
"20260924T235451928308-august-hist_gradient_boosting-All_(plus_timing,_county_history)-site",2026-09-24T23:54:51+00:00,b890d82-dirty,shrestha2024,7ec6bfeebcbe,august,08-31,hist_gradient_boosting,"All (+ timing, county history)",84,leave-one-site-out,Ames;Lincoln;MOValley;Scottsbluff,Ames;Lincoln;MOValley;Scottsbluff,46.961,52.143,-3.663,0.6611,21.159,0.9014,-99.9,70.48,3.92,42,"{""learning_rate"": 0.05, ""max_iter"": 300}"
"20260924T235454407194-august-catboost-All_(plus_timing,_county_history)-site",2026-09-24T23:54:54+00:00,b890d82-dirty,shrestha2024,7ec6bfeebcbe,august,08-31,catboost,"All (+ timing, county history)",84,leave-one-site-out,Ames;Lincoln;MOValley;Scottsbluff,Ames;Lincoln;MOValley;Scottsbluff,51.64,57.633,-3.6354,0.6667,19.626,0.902,-94.32,111.12,2.48,42,"{""iterations"": 500, ""learning_rate"": 0.05, ""depth"": 6}"
20260924T235454719671-august-mean-tuned:_Crop_signals-site,2026-09-24T23:54:54+00:00,b890d82-dirty,shrestha2024,7ec6bfeebcbe,august,08-31,mean,tuned: Crop signals,39,leave-one-site-out,Ames;Lincoln;MOValley;Scottsbluff,Ames;Lincoln;MOValley;Scottsbluff,58.77,64.575,-5.5914,0.8341,23.233,0.9014,-124.11,88.24,0.0,42,{}
20260924T235454727445-august-mean-tuned:_Crop_signals-plot,2026-09-24T23:54:54+00:00,b890d82-dirty,shrestha2024,7ec6bfeebcbe,august,08-31,mean,tuned: Crop signals,39,grouped 5-fold by plot,Ames;Lincoln;MOValley;Scottsbluff,fold1;fold2;fold3;fold4;fold5,46.656,54.554,-0.0002,0.4278,1.066,,0.0,0.0,0.0,42,{}
20260924T235454732647-august-mean-tuned:_Crop_signals-field,2026-09-24T23:54:54+00:00,b890d82-dirty,shrestha2024,7ec6bfeebcbe,august,08-31,mean,tuned: Crop signals,39,grouped 4-fold by field,Ames;Lincoln;MOValley;Scottsbluff,fold1;fold2;fold3;fold4,56.684,62.288,-5.2936,0.8232,27.193,,0.0,0.0,0.0,42,{}
20260924T235455691480-august-ridge-tuned:_Crop_signals-site,2026-09-24T23:54:55+00:00,b890d82-dirty,shrestha2024,7ec6bfeebcbe,august,08-31,ridge,tuned: Crop signals,39,leave-one-site-out,Ames;Lincoln;MOValley;Scottsbluff,Ames;Lincoln;MOValley;Scottsbluff,32.326,39.221,-0.8993,0.3091,16.653,0.902,-27.31,101.45,0.03,42,"{""alpha"": 1.2241215283849372}"
20260924T235455734547-august-ridge-tuned:_Crop_signals-plot,2026-09-24T23:54:55+00:00,b890d82-dirty,shrestha2024,7ec6bfeebcbe,august,08-31,ridge,tuned: Crop signals,39,grouped 5-fold by plot,Ames;Lincoln;MOValley;Scottsbluff,fold1;fold2;fold3;fold4;fold5,17.692,23.348,0.8165,0.1622,0.685,,0.0,0.0,0.04,42,"{""alpha"": 1.2241215283849372}"
20260924T235455768257-august-ridge-tuned:_Crop_signals-field,2026-09-24T23:54:55+00:00,b890d82-dirty,shrestha2024,7ec6bfeebcbe,august,08-31,ridge,tuned: Crop signals,39,grouped 4-fold by field,Ames;Lincoln;MOValley;Scottsbluff,fold1;fold2;fold3;fold4,26.827,33.001,-0.3768,0.2727,7.37,,0.0,0.0,0.03,42,"{""alpha"": 1.2241215283849372}"
20260924T235531461743-august-random_forest-tuned:_Crop_signals-site,2026-09-24T23:55:31+00:00,b890d82-dirty,shrestha2024,7ec6bfeebcbe,august,08-31,random_forest,tuned: Crop signals,39,leave-one-site-out,Ames;Lincoln;MOValley;Scottsbluff,Ames;Lincoln;MOValley;Scottsbluff,43.792,49.139,-2.5487,0.5698,11.598,0.902,-83.6,69.03,1.14,42,"{""bootstrap"": true, ""n_estimators"": 350, ""max_depth"": null, ""min_samples_leaf"": 2, ""min_samples_split"": 5, ""max_features"": 1.0, ""max_samples"": 0.5145097646378858}"
20260924T235533041841-august-random_forest-tuned:_Crop_signals-plot,2026-09-24T23:55:33+00:00,b890d82-dirty,shrestha2024,7ec6bfeebcbe,august,08-31,random_forest,tuned: Crop signals,39,grouped 5-fold by plot,Ames;Lincoln;MOValley;Scottsbluff,fold1;fold2;fold3;fold4;fold5,16.736,22.294,0.8326,0.1534,0.769,,0.0,0.0,1.58,42,"{""bootstrap"": true, ""n_estimators"": 350, ""max_depth"": null, ""min_samples_leaf"": 2, ""min_samples_split"": 5, ""max_features"": 1.0, ""max_samples"": 0.5145097646378858}"
20260924T235534201551-august-random_forest-tuned:_Crop_signals-field,2026-09-24T23:55:34+00:00,b890d82-dirty,shrestha2024,7ec6bfeebcbe,august,08-31,random_forest,tuned: Crop signals,39,grouped 4-fold by field,Ames;Lincoln;MOValley;Scottsbluff,fold1;fold2;fold3;fold4,36.92,42.477,-1.7261,0.5292,14.108,,0.0,0.0,1.16,42,"{""bootstrap"": true, ""n_estimators"": 350, ""max_depth"": null, ""min_samples_leaf"": 2, ""min_samples_split"": 5, ""max_features"": 1.0, ""max_samples"": 0.5145097646378858}"
20260924T235720645895-august-hist_gradient_boosting-tuned:_Crop_signals-site,2026-09-24T23:57:20+00:00,b890d82-dirty,shrestha2024,7ec6bfeebcbe,august,08-31,hist_gradient_boosting,tuned: Crop signals,39,leave-one-site-out,Ames;Lincoln;MOValley;Scottsbluff,Ames;Lincoln;MOValley;Scottsbluff,36.677,42.822,-1.5816,0.4694,7.657,0.902,-81.83,60.05,4.5,42,"{""learning_rate"": 0.22875106812592597, ""max_iter"": 650, ""max_depth"": null, ""max_leaf_nodes"": 16, ""min_samples_leaf"": 5, ""l2_regularization"": 0.9158156976591857, ""max_features"": 0.43756622517443233}"
20260924T235727150059-august-hist_gradient_boosting-tuned:_Crop_signals-plot,2026-09-24T23:57:27+00:00,b890d82-dirty,shrestha2024,7ec6bfeebcbe,august,08-31,hist_gradient_boosting,tuned: Crop signals,39,grouped 5-fold by plot,Ames;Lincoln;MOValley;Scottsbluff,fold1;fold2;fold3;fold4;fold5,16.003,21.454,0.8448,0.1467,0.855,,0.0,0.0,6.5,42,"{""learning_rate"": 0.22875106812592597, ""max_iter"": 650, ""max_depth"": null, ""max_leaf_nodes"": 16, ""min_samples_leaf"": 5, ""l2_regularization"": 0.9158156976591857, ""max_features"": 0.43756622517443233}"
20260924T235731675183-august-hist_gradient_boosting-tuned:_Crop_signals-field,2026-09-24T23:57:31+00:00,b890d82-dirty,shrestha2024,7ec6bfeebcbe,august,08-31,hist_gradient_boosting,tuned: Crop signals,39,grouped 4-fold by field,Ames;Lincoln;MOValley;Scottsbluff,fold1;fold2;fold3;fold4,33.852,40.018,-1.2879,0.4553,9.622,,0.0,0.0,4.52,42,"{""learning_rate"": 0.22875106812592597, ""max_iter"": 650, ""max_depth"": null, ""max_leaf_nodes"": 16, ""min_samples_leaf"": 5, ""l2_regularization"": 0.9158156976591857, ""max_features"": 0.43756622517443233}"
20260924T235927396384-august-catboost-tuned:_Crop_signals-site,2026-09-24T23:59:27+00:00,b890d82-dirty,shrestha2024,7ec6bfeebcbe,august,08-31,catboost,tuned: Crop signals,39,leave-one-site-out,Ames;Lincoln;MOValley;Scottsbluff,Ames;Lincoln;MOValley;Scottsbluff,39.712,45.969,-2.0682,0.5453,15.481,0.902,-85.25,82.37,2.34,42,"{""iterations"": 400, ""learning_rate"": 0.2505818087694852, ""depth"": 7, ""l2_leaf_reg"": 4.240325182184727, ""min_data_in_leaf"": 28, ""rsm"": 0.4908172682085014}"
20260924T235930345849-august-catboost-tuned:_Crop_signals-plot,2026-09-24T23:59:30+00:00,b890d82-dirty,shrestha2024,7ec6bfeebcbe,august,08-31,catboost,tuned: Crop signals,39,grouped 5-fold by plot,Ames;Lincoln;MOValley;Scottsbluff,fold1;fold2;fold3;fold4;fold5,16.054,21.444,0.8451,0.1472,0.688,,0.0,0.0,2.95,42,"{""iterations"": 400, ""learning_rate"": 0.2505818087694852, ""depth"": 7, ""l2_leaf_reg"": 4.240325182184727, ""min_data_in_leaf"": 28, ""rsm"": 0.4908172682085014}"
20260924T235932699313-august-catboost-tuned:_Crop_signals-field,2026-09-24T23:59:32+00:00,b890d82-dirty,shrestha2024,7ec6bfeebcbe,august,08-31,catboost,tuned: Crop signals,39,grouped 4-fold by field,Ames;Lincoln;MOValley;Scottsbluff,fold1;fold2;fold3;fold4,38.551,43.99,-1.8964,0.5418,14.462,,0.0,0.0,2.35,42,"{""iterations"": 400, ""learning_rate"": 0.2505818087694852, ""depth"": 7, ""l2_leaf_reg"": 4.240325182184727, ""min_data_in_leaf"": 28, ""rsm"": 0.4908172682085014}"
20260924T235948749202-full-ridge-Management_only-site,2026-09-24T23:59:48+00:00,b890d82-dirty,shrestha2024,7ec6bfeebcbe,full,10-15,ridge,Management only,3,leave-one-site-out,Ames;Lincoln;MOValley;Scottsbluff,Ames;Lincoln;MOValley;Scottsbluff,69.224,74.904,-7.0325,0.8971,15.817,0.902,-120.22,107.86,0.02,42,"{""alpha"": 1.0}"
20260924T235949235129-full-random_forest-Management_only-site,2026-09-24T23:59:49+00:00,b890d82-dirty,shrestha2024,7ec6bfeebcbe,full,10-15,random_forest,Management only,3,leave-one-site-out,Ames;Lincoln;MOValley;Scottsbluff,Ames;Lincoln;MOValley;Scottsbluff,80.325,88.012,-8.9526,0.9794,11.305,0.902,-124.12,143.16,0.49,42,"{""n_estimators"": 300, ""min_samples_leaf"": 5, ""max_features"": 0.5}"
20260924T235950972362-full-hist_gradient_boosting-Management_only-site,2026-09-24T23:59:50+00:00,b890d82-dirty,shrestha2024,7ec6bfeebcbe,full,10-15,hist_gradient_boosting,Management only,3,leave-one-site-out,Ames;Lincoln;MOValley;Scottsbluff,Ames;Lincoln;MOValley;Scottsbluff,83.219,90.718,-9.7386,1.0286,13.71,0.9014,-139.43,145.01,1.74,42,"{""learning_rate"": 0.05, ""max_iter"": 300}"
20260924T235951452426-full-catboost-Management_only-site,2026-09-24T23:59:51+00:00,b890d82-dirty,shrestha2024,7ec6bfeebcbe,full,10-15,catboost,Management only,3,leave-one-site-out,Ames;Lincoln;MOValley;Scottsbluff,Ames;Lincoln;MOValley;Scottsbluff,81.439,88.76,-9.183,0.9981,12.816,0.9014,-129.09,143.51,0.48,42,"{""iterations"": 500, ""learning_rate"": 0.05, ""depth"": 6}"
20260924T235951490366-full-ridge-Crop_signals-site,2026-09-24T23:59:51+00:00,b890d82-dirty,shrestha2024,7ec6bfeebcbe,full,10-15,ridge,Crop signals,38,leave-one-site-out,Ames;Lincoln;MOValley;Scottsbluff,Ames;Lincoln;MOValley;Scottsbluff,99.295,106.351,-19.4032,1.4719,69.16,0.902,-210.01,217.88,0.03,42,"{""alpha"": 1.0}"
20260924T235952302163-full-random_forest-Crop_signals-site,2026-09-24T23:59:52+00:00,b890d82-dirty,shrestha2024,7ec6bfeebcbe,full,10-15,random_forest,Crop signals,38,leave-one-site-out,Ames;Lincoln;MOValley;Scottsbluff,Ames;Lincoln;MOValley;Scottsbluff,56.656,62.274,-5.3226,0.7198,21.462,0.902,-96.82,90.24,0.81,42,"{""n_estimators"": 300, ""min_samples_leaf"": 5, ""max_features"": 0.5}"
20260924T235955274713-full-hist_gradient_boosting-Crop_signals-site,2026-09-24T23:59:55+00:00,b890d82-dirty,shrestha2024,7ec6bfeebcbe,full,10-15,hist_gradient_boosting,Crop signals,38,leave-one-site-out,Ames;Lincoln;MOValley;Scottsbluff,Ames;Lincoln;MOValley;Scottsbluff,55.017,60.888,-4.926,0.677,19.195,0.902,-96.23,89.27,2.97,42,"{""learning_rate"": 0.05, ""max_iter"": 300}"
20260924T235957281275-full-catboost-Crop_signals-site,2026-09-24T23:59:57+00:00,b890d82-dirty,shrestha2024,7ec6bfeebcbe,full,10-15,catboost,Crop signals,38,leave-one-site-out,Ames;Lincoln;MOValley;Scottsbluff,Ames;Lincoln;MOValley;Scottsbluff,45.687,52.032,-3.0393,0.6148,14.332,0.902,-92.03,76.94,2.01,42,"{""iterations"": 500, ""learning_rate"": 0.05, ""depth"": 6}"
20260924T235957826624-full-ridge-Crop_plus_timing-site,2026-09-24T23:59:57+00:00,b890d82-dirty,shrestha2024,7ec6bfeebcbe,full,10-15,ridge,Crop + timing,40,leave-one-site-out,Ames;Lincoln;MOValley;Scottsbluff,Ames;Lincoln;MOValley;Scottsbluff,320.966,327.151,-415.6379,3.0668,376.902,0.9014,-114.87,965.06,0.03,42,"{""alpha"": 1.0}"
20260924T235958652840-full-random_forest-Crop_plus_timing-site,2026-09-24T23:59:58+00:00,b890d82-dirty,shrestha2024,7ec6bfeebcbe,full,10-15,random_forest,Crop + timing,40,leave-one-site-out,Ames;Lincoln;MOValley;Scottsbluff,Ames;Lincoln;MOValley;Scottsbluff,63.648,69.531,-5.9054,0.742,15.543,0.9014,-88.78,110.65,0.82,42,"{""n_estimators"": 300, ""min_samples_leaf"": 5, ""max_features"": 0.5}"
20260925T000001694995-full-hist_gradient_boosting-Crop_plus_timing-site,2026-09-25T00:00:01+00:00,b890d82-dirty,shrestha2024,7ec6bfeebcbe,full,10-15,hist_gradient_boosting,Crop + timing,40,leave-one-site-out,Ames;Lincoln;MOValley;Scottsbluff,Ames;Lincoln;MOValley;Scottsbluff,68.186,73.924,-6.5671,0.7515,23.274,0.902,-89.01,132.16,3.04,42,"{""learning_rate"": 0.05, ""max_iter"": 300}"
20260925T000003695885-full-catboost-Crop_plus_timing-site,2026-09-25T00:00:03+00:00,b890d82-dirty,shrestha2024,7ec6bfeebcbe,full,10-15,catboost,Crop + timing,40,leave-one-site-out,Ames;Lincoln;MOValley;Scottsbluff,Ames;Lincoln;MOValley;Scottsbluff,43.547,50.512,-2.3384,0.5396,6.308,0.902,-77.34,86.78,2.0,42,"{""iterations"": 500, ""learning_rate"": 0.05, ""depth"": 6}"
20260925T000004250674-full-ridge-Crop_plus_weather-site,2026-09-25T00:00:04+00:00,b890d82-dirty,shrestha2024,7ec6bfeebcbe,full,10-15,ridge,Crop + weather,71,leave-one-site-out,Ames;Lincoln;MOValley;Scottsbluff,Ames;Lincoln;MOValley;Scottsbluff,179.76,187.475,-56.7167,1.4486,129.552,0.902,-412.21,251.36,0.04,42,"{""alpha"": 1.0}"
20260925T000005095041-full-random_forest-Crop_plus_weather-site,2026-09-25T00:00:05+00:00,b890d82-dirty,shrestha2024,7ec6bfeebcbe,full,10-15,random_forest,Crop + weather,71,leave-one-site-out,Ames;Lincoln;MOValley;Scottsbluff,Ames;Lincoln;MOValley;Scottsbluff,70.777,76.244,-7.1546,0.864,20.186,0.9014,-109.66,122.14,0.84,42,"{""n_estimators"": 300, ""min_samples_leaf"": 5, ""max_features"": 0.5}"
20260925T000008795682-full-hist_gradient_boosting-Crop_plus_weather-site,2026-09-25T00:00:08+00:00,b890d82-dirty,shrestha2024,7ec6bfeebcbe,full,10-15,hist_gradient_boosting,Crop + weather,71,leave-one-site-out,Ames;Lincoln;MOValley;Scottsbluff,Ames;Lincoln;MOValley;Scottsbluff,55.418,61.171,-5.3198,0.7152,22.621,0.902,-102.67,84.0,3.7,42,"{""learning_rate"": 0.05, ""max_iter"": 300}"
20260925T000011014378-full-catboost-Crop_plus_weather-site,2026-09-25T00:00:11+00:00,b890d82-dirty,shrestha2024,7ec6bfeebcbe,full,10-15,catboost,Crop + weather,71,leave-one-site-out,Ames;Lincoln;MOValley;Scottsbluff,Ames;Lincoln;MOValley;Scottsbluff,45.079,51.698,-2.8665,0.6152,15.138,0.902,-91.05,84.78,2.22,42,"{""iterations"": 500, ""learning_rate"": 0.05, ""depth"": 6}"
20260925T000011623657-full-ridge-Crop_plus_soil-site,2026-09-25T00:00:11+00:00,b890d82-dirty,shrestha2024,7ec6bfeebcbe,full,10-15,ridge,Crop + soil,44,leave-one-site-out,Ames;Lincoln;MOValley;Scottsbluff,Ames;Lincoln;MOValley;Scottsbluff,91.26,98.756,-13.0696,1.1016,29.532,0.902,-161.43,144.64,0.03,42,"{""alpha"": 1.0}"
20260925T000012467428-full-random_forest-Crop_plus_soil-site,2026-09-25T00:00:12+00:00,b890d82-dirty,shrestha2024,7ec6bfeebcbe,full,10-15,random_forest,Crop + soil,44,leave-one-site-out,Ames;Lincoln;MOValley;Scottsbluff,Ames;Lincoln;MOValley;Scottsbluff,62.596,68.376,-5.9513,0.7644,16.606,0.902,-97.89,99.35,0.84,42,"{""n_estimators"": 300, ""min_samples_leaf"": 5, ""max_features"": 0.5}"
20260925T000015600073-full-hist_gradient_boosting-Crop_plus_soil-site,2026-09-25T00:00:15+00:00,b890d82-dirty,shrestha2024,7ec6bfeebcbe,full,10-15,hist_gradient_boosting,Crop + soil,44,leave-one-site-out,Ames;Lincoln;MOValley;Scottsbluff,Ames;Lincoln;MOValley;Scottsbluff,60.102,67.569,-5.4467,0.6943,14.907,0.902,-87.86,125.53,3.13,42,"{""learning_rate"": 0.05, ""max_iter"": 300}"
20260925T000017614289-full-catboost-Crop_plus_soil-site,2026-09-25T00:00:17+00:00,b890d82-dirty,shrestha2024,7ec6bfeebcbe,full,10-15,catboost,Crop + soil,44,leave-one-site-out,Ames;Lincoln;MOValley;Scottsbluff,Ames;Lincoln;MOValley;Scottsbluff,47.179,53.825,-3.0753,0.6184,12.313,0.902,-89.33,85.8,2.01,42,"{""iterations"": 500, ""learning_rate"": 0.05, ""depth"": 6}"
20260925T000018177841-full-ridge-Crop_plus_weather_plus_soil-site,2026-09-25T00:00:18+00:00,b890d82-dirty,shrestha2024,7ec6bfeebcbe,full,10-15,ridge,Crop + weather + soil,79,leave-one-site-out,Ames;Lincoln;MOValley;Scottsbluff,Ames;Lincoln;MOValley;Scottsbluff,141.75,148.714,-30.2493,1.3462,79.281,0.902,-316.45,161.45,0.04,42,"{""alpha"": 1.0}"
20260925T000019067521-full-random_forest-Crop_plus_weather_plus_soil-site,2026-09-25T00:00:19+00:00,b890d82-dirty,shrestha2024,7ec6bfeebcbe,full,10-15,random_forest,Crop + weather + soil,79,leave-one-site-out,Ames;Lincoln;MOValley;Scottsbluff,Ames;Lincoln;MOValley;Scottsbluff,70.752,76.194,-7.3718,0.8836,21.066,0.9014,-114.18,118.3,0.89,42,"{""n_estimators"": 300, ""min_samples_leaf"": 5, ""max_features"": 0.5}"
20260925T000022596139-full-hist_gradient_boosting-Crop_plus_weather_plus_soil-site,2026-09-25T00:00:22+00:00,b890d82-dirty,shrestha2024,7ec6bfeebcbe,full,10-15,hist_gradient_boosting,Crop + weather + soil,79,leave-one-site-out,Ames;Lincoln;MOValley;Scottsbluff,Ames;Lincoln;MOValley;Scottsbluff,56.428,62.161,-5.6222,0.7476,23.867,0.902,-112.2,81.68,3.53,42,"{""learning_rate"": 0.05, ""max_iter"": 300}"
20260925T000024862994-full-catboost-Crop_plus_weather_plus_soil-site,2026-09-25T00:00:24+00:00,b890d82-dirty,shrestha2024,7ec6bfeebcbe,full,10-15,catboost,Crop + weather + soil,79,leave-one-site-out,Ames;Lincoln;MOValley;Scottsbluff,Ames;Lincoln;MOValley;Scottsbluff,50.777,57.205,-3.931,0.7072,20.302,0.902,-104.78,95.28,2.27,42,"{""iterations"": 500, ""learning_rate"": 0.05, ""depth"": 6}"
"20260925T000025498673-full-ridge-All_(plus_timing,_county_history)-site",2026-09-25T00:00:25+00:00,b890d82-dirty,shrestha2024,7ec6bfeebcbe,full,10-15,ridge,"All (+ timing, county history)",83,leave-one-site-out,Ames;Lincoln;MOValley;Scottsbluff,Ames;Lincoln;MOValley;Scottsbluff,290.271,295.562,-190.6356,3.1594,190.503,0.9014,-332.41,586.17,0.04,42,"{""alpha"": 1.0}"
"20260925T000026376520-full-random_forest-All_(plus_timing,_county_history)-site",2026-09-25T00:00:26+00:00,b890d82-dirty,shrestha2024,7ec6bfeebcbe,full,10-15,random_forest,"All (+ timing, county history)",83,leave-one-site-out,Ames;Lincoln;MOValley;Scottsbluff,Ames;Lincoln;MOValley;Scottsbluff,71.428,76.961,-7.4278,0.8892,18.481,0.9014,-112.89,115.29,0.88,42,"{""n_estimators"": 300, ""min_samples_leaf"": 5, ""max_features"": 0.5}"
"20260925T000029890921-full-hist_gradient_boosting-All_(plus_timing,_county_history)-site",2026-09-25T00:00:29+00:00,b890d82-dirty,shrestha2024,7ec6bfeebcbe,full,10-15,hist_gradient_boosting,"All (+ timing, county history)",83,leave-one-site-out,Ames;Lincoln;MOValley;Scottsbluff,Ames;Lincoln;MOValley;Scottsbluff,73.941,79.005,-8.0705,0.882,25.12,0.9014,-112.2,133.23,3.51,42,"{""learning_rate"": 0.05, ""max_iter"": 300}"
"20260925T000032146870-full-catboost-All_(plus_timing,_county_history)-site",2026-09-25T00:00:32+00:00,b890d82-dirty,shrestha2024,7ec6bfeebcbe,full,10-15,catboost,"All (+ timing, county history)",83,leave-one-site-out,Ames;Lincoln;MOValley;Scottsbluff,Ames;Lincoln;MOValley;Scottsbluff,53.486,59.839,-4.3168,0.73,19.227,0.902,-106.83,97.89,2.26,42,"{""iterations"": 500, ""learning_rate"": 0.05, ""depth"": 6}"
20260925T000032755801-full-mean-tuned:_Crop_plus_timing-site,2026-09-25T00:00:32+00:00,b890d82-dirty,shrestha2024,7ec6bfeebcbe,full,10-15,mean,tuned: Crop + timing,40,leave-one-site-out,Ames;Lincoln;MOValley;Scottsbluff,Ames;Lincoln;MOValley;Scottsbluff,58.77,64.575,-5.5914,0.8341,23.233,0.9014,-124.11,88.24,0.0,42,{}
20260925T000032764212-full-mean-tuned:_Crop_plus_timing-plot,2026-09-25T00:00:32+00:00,b890d82-dirty,shrestha2024,7ec6bfeebcbe,full,10-15,mean,tuned: Crop + timing,40,grouped 5-fold by plot,Ames;Lincoln;MOValley;Scottsbluff,fold1;fold2;fold3;fold4;fold5,46.656,54.554,-0.0002,0.4278,1.066,,0.0,0.0,0.0,42,{}
20260925T000032769422-full-mean-tuned:_Crop_plus_timing-field,2026-09-25T00:00:32+00:00,b890d82-dirty,shrestha2024,7ec6bfeebcbe,full,10-15,mean,tuned: Crop + timing,40,grouped 4-fold by field,Ames;Lincoln;MOValley;Scottsbluff,fold1;fold2;fold3;fold4,56.684,62.288,-5.2936,0.8232,27.193,,0.0,0.0,0.0,42,{}
20260925T000033688615-full-ridge-tuned:_Crop_plus_timing-site,2026-09-25T00:00:33+00:00,b890d82-dirty,shrestha2024,7ec6bfeebcbe,full,10-15,ridge,tuned: Crop + timing,40,leave-one-site-out,Ames;Lincoln;MOValley;Scottsbluff,Ames;Lincoln;MOValley;Scottsbluff,53.494,60.085,-4.212,0.6674,14.237,0.902,-93.93,94.58,0.03,42,"{""alpha"": 958.7479255847703}"
20260925T000033730375-full-ridge-tuned:_Crop_plus_timing-plot,2026-09-25T00:00:33+00:00,b890d82-dirty,shrestha2024,7ec6bfeebcbe,full,10-15,ridge,tuned: Crop + timing,40,grouped 5-fold by plot,Ames;Lincoln;MOValley;Scottsbluff,fold1;fold2;fold3;fold4;fold5,22.42,28.351,0.7298,0.2056,0.672,,0.0,0.0,0.04,42,"{""alpha"": 958.7479255847703}"
20260925T000033761810-full-ridge-tuned:_Crop_plus_timing-field,2026-09-25T00:00:33+00:00,b890d82-dirty,shrestha2024,7ec6bfeebcbe,full,10-15,ridge,tuned: Crop + timing,40,grouped 4-fold by field,Ames;Lincoln;MOValley;Scottsbluff,fold1;fold2;fold3;fold4,40.048,46.18,-2.299,0.5831,16.654,,0.0,0.0,0.03,42,"{""alpha"": 958.7479255847703}"
20260925T000054222424-full-random_forest-tuned:_Crop_plus_timing-site,2026-09-25T00:00:54+00:00,b890d82-dirty,shrestha2024,7ec6bfeebcbe,full,10-15,random_forest,tuned: Crop + timing,40,leave-one-site-out,Ames;Lincoln;MOValley;Scottsbluff,Ames;Lincoln;MOValley;Scottsbluff,58.037,64.358,-4.7349,0.6664,11.167,0.902,-82.14,102.02,0.26,42,"{""bootstrap"": false, ""n_estimators"": 100, ""max_depth"": 12, ""min_samples_leaf"": 1, ""min_samples_split"": 5, ""max_features"": ""sqrt""}"
20260925T000054573512-full-random_forest-tuned:_Crop_plus_timing-plot,2026-09-25T00:00:54+00:00,b890d82-dirty,shrestha2024,7ec6bfeebcbe,full,10-15,random_forest,tuned: Crop + timing,40,grouped 5-fold by plot,Ames;Lincoln;MOValley;Scottsbluff,fold1;fold2;fold3;fold4;fold5,16.458,21.984,0.8371,0.1509,0.914,,0.0,0.0,0.35,42,"{""bootstrap"": false, ""n_estimators"": 100, ""max_depth"": 12, ""min_samples_leaf"": 1, ""min_samples_split"": 5, ""max_features"": ""sqrt""}"
20260925T000054820499-full-random_forest-tuned:_Crop_plus_timing-field,2026-09-25T00:00:54+00:00,b890d82-dirty,shrestha2024,7ec6bfeebcbe,full,10-15,random_forest,tuned: Crop + timing,40,grouped 4-fold by field,Ames;Lincoln;MOValley;Scottsbluff,fold1;fold2;fold3;fold4,39.453,45.37,-2.022,0.5384,15.115,,0.0,0.0,0.24,42,"{""bootstrap"": false, ""n_estimators"": 100, ""max_depth"": 12, ""min_samples_leaf"": 1, ""min_samples_split"": 5, ""max_features"": ""sqrt""}"
20260925T000138527533-full-hist_gradient_boosting-tuned:_Crop_plus_timing-site,2026-09-25T00:01:38+00:00,b890d82-dirty,shrestha2024,7ec6bfeebcbe,full,10-15,hist_gradient_boosting,tuned: Crop + timing,40,leave-one-site-out,Ames;Lincoln;MOValley;Scottsbluff,Ames;Lincoln;MOValley;Scottsbluff,51.099,57.637,-3.4216,0.5653,9.397,0.902,-72.84,98.6,1.24,42,"{""learning_rate"": 0.15461651456542655, ""max_iter"": 200, ""max_depth"": null, ""max_leaf_nodes"": 18, ""min_samples_leaf"": 37, ""l2_regularization"": 1.0900791994683698, ""max_features"": 0.3596953683280645}"
20260925T000140258779-full-hist_gradient_boosting-tuned:_Crop_plus_timing-plot,2026-09-25T00:01:40+00:00,b890d82-dirty,shrestha2024,7ec6bfeebcbe,full,10-15,hist_gradient_boosting,tuned: Crop + timing,40,grouped 5-fold by plot,Ames;Lincoln;MOValley;Scottsbluff,fold1;fold2;fold3;fold4;fold5,15.688,21.071,0.8502,0.1438,0.767,,0.0,0.0,1.73,42,"{""learning_rate"": 0.15461651456542655, ""max_iter"": 200, ""max_depth"": null, ""max_leaf_nodes"": 18, ""min_samples_leaf"": 37, ""l2_regularization"": 1.0900791994683698, ""max_features"": 0.3596953683280645}"
20260925T000141565691-full-hist_gradient_boosting-tuned:_Crop_plus_timing-field,2026-09-25T00:01:41+00:00,b890d82-dirty,shrestha2024,7ec6bfeebcbe,full,10-15,hist_gradient_boosting,tuned: Crop + timing,40,grouped 4-fold by field,Ames;Lincoln;MOValley;Scottsbluff,fold1;fold2;fold3;fold4,37.048,43.052,-1.5183,0.4677,10.402,,0.0,0.0,1.3,42,"{""learning_rate"": 0.15461651456542655, ""max_iter"": 200, ""max_depth"": null, ""max_leaf_nodes"": 18, ""min_samples_leaf"": 37, ""l2_regularization"": 1.0900791994683698, ""max_features"": 0.3596953683280645}"
20260925T000246524279-full-catboost-tuned:_Crop_plus_timing-site,2026-09-25T00:02:46+00:00,b890d82-dirty,shrestha2024,7ec6bfeebcbe,full,10-15,catboost,tuned: Crop + timing,40,leave-one-site-out,Ames;Lincoln;MOValley;Scottsbluff,Ames;Lincoln;MOValley;Scottsbluff,39.598,47.134,-1.7766,0.449,5.202,0.9014,-66.46,90.53,1.86,42,"{""iterations"": 1000, ""learning_rate"": 0.11678928533953238, ""depth"": 5, ""l2_leaf_reg"": 2.9663158297439716, ""min_data_in_leaf"": 1, ""rsm"": 0.3231590687822089}"
20260925T000248817673-full-catboost-tuned:_Crop_plus_timing-plot,2026-09-25T00:02:48+00:00,b890d82-dirty,shrestha2024,7ec6bfeebcbe,full,10-15,catboost,tuned: Crop + timing,40,grouped 5-fold by plot,Ames;Lincoln;MOValley;Scottsbluff,fold1;fold2;fold3;fold4;fold5,15.821,21.143,0.8493,0.145,0.709,,0.0,0.0,2.29,42,"{""iterations"": 1000, ""learning_rate"": 0.11678928533953238, ""depth"": 5, ""l2_leaf_reg"": 2.9663158297439716, ""min_data_in_leaf"": 1, ""rsm"": 0.3231590687822089}"
20260925T000250623629-full-catboost-tuned:_Crop_plus_timing-field,2026-09-25T00:02:50+00:00,b890d82-dirty,shrestha2024,7ec6bfeebcbe,full,10-15,catboost,tuned: Crop + timing,40,grouped 4-fold by field,Ames;Lincoln;MOValley;Scottsbluff,fold1;fold2;fold3;fold4,31.71,37.839,-0.9036,0.3978,6.924,,0.0,0.0,1.8,42,"{""iterations"": 1000, ""learning_rate"": 0.11678928533953238, ""depth"": 5, ""l2_leaf_reg"": 2.9663158297439716, ""min_data_in_leaf"": 1, ""rsm"": 0.3231590687822089}"
