location,timepoint,dap,dap_min,dap_max,n_plots,model_name,feature_family,raw_r2,raw_mae,raw_rmse,raw_pi_coverage_90,raw_mean_pi_width_90,raw_median_pi_width_90,deployed_model_name,deployed_r2,deployed_mae,deployed_rmse,deployed_pi_coverage_90,deployed_mean_pi_width_90,deployed_median_pi_width_90,raw_model_selection_detail,deployed_model_selection_detail,deployed_source_timepoint_majority,folds_retaining_earlier_model,n_folds,deployed_inner_cv_mae,satellite_only_r2,satellite_only_mae,satellite_only_median_pi_width_90,satellite_only_pi_coverage_90,preseason_agronomic_r2,preseason_agronomic_mae,preseason_agronomic_median_pi_width_90,snapshot_satellite_rf_r2_DIAGNOSTIC,yield_p05_p95_width,raw_forecast_precision_index,deployed_forecast_precision_index,preseason_forecast_precision_index
Ames,TP1,54,53,54,487,rf,operational_agronomic_plus_satellite,0.36533,20.036,25.313,0.90965,84.042,83.924,operational@TP1:rf,0.36533,20.036,25.313,0.90965,84.042,83.924,rf 4/5; enet 1/5,operational@TP1:rf 4/5; operational@TP1:enet 1/5,TP1,0,5,19.88,0.07342,24.513,105.21,0.90965,0.29655,21.149,92.552,0.06321,110.03,23.729,23.729,15.888
Ames,TP2,62,61,62,487,xgb,operational_agronomic_plus_satellite,0.55006,17.296,21.313,0.91581,73.768,74.469,operational@TP2:xgb,0.55006,17.296,21.313,0.91581,73.768,74.469,xgb 3/5; hgb 1/5; enet 1/5,operational@TP2:xgb 3/5; operational@TP2:hgb 1/5; operational@TP2:enet 1/5,TP2,0,5,17.104,0.34692,20.529,85.748,0.92197,0.29655,21.149,92.552,0.19012,110.03,32.321,32.321,15.888
Ames,TP3,80,79,80,487,enet,operational_agronomic_plus_satellite,0.63468,15.393,19.205,0.92608,67.474,67.607,operational@TP3:enet,0.63468,15.393,19.205,0.92608,67.474,67.607,enet 2/5; hgb 2/5; xgb 1/5,operational@TP3:enet 2/5; operational@TP3:hgb 2/5; operational@TP3:xgb 1/5,TP3,0,5,15.578,0.47478,18.663,79.344,0.92813,0.29655,21.149,92.552,0.35003,110.03,38.558,38.558,15.888
Ames,TP4,101,100,101,487,enet,operational_agronomic_plus_satellite,0.64016,15.338,19.06,0.91992,66.564,66.4,operational@TP3:enet,0.62276,15.698,19.515,0.91581,65.957,66.21,enet 2/5; hgb 1/5; catboost 1/5; rf 1/5,operational@TP3:enet 2/5; operational@TP4:hgb 1/5; operational@TP4:catboost 1/5; operational@TP3:xgb 1/5,TP3,3,5,15.377,0.48979,18.196,78.087,0.91376,0.29655,21.149,92.552,0.33112,110.03,39.655,39.828,15.888
Ames,TP5,112,111,112,487,xgb,operational_agronomic_plus_satellite,0.65085,15.046,18.775,0.91786,66.291,65.729,operational@TP3:enet,0.65214,14.984,18.74,0.91376,65.437,64.638,xgb 2/5; hgb 1/5; enet 1/5; catboost 1/5,operational@TP3:enet 1/5; operational@TP5:hgb 1/5; operational@TP5:enet 1/5; operational@TP5:catboost 1/5; operational@TP5:xgb 1/5,TP5,1,5,15.105,0.51855,17.689,76.926,0.92608,0.29655,21.149,92.552,0.2839,110.03,40.265,41.256,15.888
Ames,TP6,125,124,125,487,enet,operational_agronomic_plus_satellite,0.66776,14.539,18.314,0.92813,67.268,67.268,operational@TP3:enet,0.65269,14.974,18.725,0.91786,65.871,65.216,enet 2/5; xgb 2/5; hgb 1/5,operational@TP3:enet 1/5; operational@TP5:hgb 1/5; operational@TP6:enet 1/5; operational@TP6:xgb 1/5; operational@TP5:xgb 1/5,TP5,3,5,15.053,0.51064,17.884,78.112,0.92402,0.29655,21.149,92.552,0.1091,110.03,38.867,40.731,15.888
Crawfordsville,TP1,60,60,60,488,xgb,operational_agronomic_plus_satellite,0.47492,14.53,17.882,0.94057,64.846,64.153,agronomic_preseason:xgb,0.48517,14.281,17.707,0.94057,65.156,64.153,xgb 3/5; rf 2/5,agronomic_preseason:xgb 2/5; operational@TP1:xgb 2/5; operational@TP1:rf 1/5,TP1,2,5,14.866,0.21523,17.32,72.273,0.90369,0.47883,14.153,66.455,0.22887,84.108,23.726,23.726,20.989
Crawfordsville,TP2,70,70,70,488,xgb,operational_agronomic_plus_satellite,0.47337,14.364,17.909,0.94877,66.686,65.984,agronomic_preseason:xgb,0.47671,14.356,17.852,0.93852,65.009,64.14,xgb 4/5; hgb 1/5,agronomic_preseason:xgb 2/5; operational@TP1:xgb 1/5; operational@TP2:xgb 1/5; operational@TP1:rf 1/5,TP0,4,5,14.846,0.23422,17.284,74.402,0.91803,0.47883,14.153,66.455,0.18995,84.108,21.549,23.741,20.989
Crawfordsville,TP3,83,83,83,488,xgb,operational_agronomic_plus_satellite,0.53504,13.407,16.827,0.93648,62.448,61.662,operational@TP3:xgb,0.55295,13.117,16.5,0.93648,62.683,61.741,xgb 4/5; hgb 1/5,operational@TP3:xgb 4/5; agronomic_preseason:xgb 1/5,TP3,1,5,14.446,0.34139,15.92,71.139,0.92828,0.47883,14.153,66.455,0.25423,84.108,26.687,26.594,20.989
Crawfordsville,TP4,125,125,125,488,xgb,operational_agronomic_plus_satellite,0.50444,13.883,17.372,0.92623,63.299,62.178,operational@TP3:xgb,0.55295,13.117,16.5,0.93648,62.683,61.741,xgb 4/5; hgb 1/5,operational@TP3:xgb 4/5; agronomic_preseason:xgb 1/5,TP3,5,5,14.446,0.36708,15.521,68.73,0.91598,0.47883,14.153,66.455,0.15907,84.108,26.074,26.594,20.989
Crawfordsville,TP5,143,143,143,488,xgb,operational_agronomic_plus_satellite,0.51199,13.847,17.239,0.93238,63.504,62.861,operational@TP3:xgb,0.55295,13.117,16.5,0.93648,62.683,61.741,xgb 5/5,operational@TP3:xgb 4/5; agronomic_preseason:xgb 1/5,TP3,5,5,14.446,0.35595,15.769,68.179,0.89959,0.47883,14.153,66.455,0.045489,84.108,25.262,26.594,20.989
Crawfordsville,TP6,151,151,151,488,enet,operational_agronomic_plus_satellite,0.55224,13.043,16.513,0.91803,58.484,57.931,operational@TP6:enet,0.55224,13.043,16.513,0.91803,58.484,57.931,enet 4/5; hgb 1/5,operational@TP6:enet 4/5; operational@TP6:hgb 1/5,TP6,0,5,13.635,0.46331,14.531,62.903,0.92213,0.47883,14.153,66.455,0.15121,84.108,31.123,31.123,20.989
Lincoln,TP1,57,57,57,504,enet,operational_agronomic_plus_satellite,0.61386,11.319,15.464,0.90079,49.462,49.173,operational@TP1:enet,0.61386,11.319,15.464,0.90079,49.462,49.173,enet 5/5,operational@TP1:enet 5/5,TP1,0,5,11.766,0.3423,15.551,66.045,0.90079,0.48632,13.749,63.876,0.34004,76.809,35.98,35.98,16.838
Lincoln,TP2,76,76,76,504,enet,operational_agronomic_plus_satellite,0.64729,10.793,14.779,0.9127,48.009,48.057,operational@TP2:enet,0.64729,10.793,14.779,0.9127,48.009,48.057,enet 5/5,operational@TP2:enet 5/5,TP2,0,5,11.163,0.48521,13.46,58.643,0.9246,0.48632,13.749,63.876,0.37272,76.809,37.433,37.433,16.838
Lincoln,TP3,104,104,104,504,enet,operational_agronomic_plus_satellite,0.64798,10.606,14.765,0.90873,45.926,45.755,operational@TP3:enet,0.64798,10.606,14.765,0.90873,45.926,45.755,enet 5/5,operational@TP3:enet 5/5,TP3,0,5,10.859,0.57644,11.562,49.168,0.9246,0.48632,13.749,63.876,0.31787,76.809,40.43,40.43,16.838
Lincoln,TP4,112,112,112,504,enet,operational_agronomic_plus_satellite,0.6551,10.47,14.615,0.9127,45.338,45.583,operational@TP4:enet,0.64963,10.507,14.73,0.91071,45.347,45.708,enet 5/5,operational@TP4:enet 4/5; operational@TP3:enet 1/5,TP4,1,5,10.717,0.60837,11.306,47.877,0.91468,0.48632,13.749,63.876,0.40952,76.809,40.654,40.492,16.838
Lincoln,TP5,120,120,120,504,enet,operational_agronomic_plus_satellite,0.67933,10.151,14.092,0.90476,44.865,44.89,operational@TP5:enet,0.67933,10.151,14.092,0.90476,44.865,44.89,enet 5/5,operational@TP5:enet 5/5,TP5,0,5,10.515,0.64867,10.65,47.2,0.93056,0.48632,13.749,63.876,0.44764,76.809,41.556,41.556,16.838
Lincoln,TP6,128,128,128,504,enet,operational_agronomic_plus_satellite,0.67181,10.296,14.256,0.90873,45.257,44.64,operational@TP5:enet,0.6766,10.229,14.152,0.90476,44.876,44.782,enet 5/5,operational@TP5:enet 3/5; operational@TP6:enet 2/5,TP5,3,5,10.505,0.63138,10.838,46.98,0.91468,0.48632,13.749,63.876,0.41195,76.809,41.882,41.697,16.838
MOValley,TP1,75,75,75,163,enet,operational_agronomic_plus_satellite,0.23685,16.941,21.161,0.93252,76.851,75.949,operational@TP1:enet,0.2144,17.132,21.47,0.91411,76.654,75.82,enet 4/4,operational@TP1:enet 2/4; satellite@TP1:enet 2/4,TP1,0,4,17.047,0.19921,17.227,76.07,0.92025,0.010605,19.133,85.61,0.15884,82.137,7.534,7.6911,0
MOValley,TP2,83,83,83,163,enet,operational_agronomic_plus_satellite,0.33149,15.587,19.806,0.92638,73.161,73.516,operational@TP2:enet,0.28977,16.057,20.414,0.92025,72.18,73.44,enet 3/4; rf 1/4,operational@TP2:enet 3/4; satellite@TP1:enet 1/4,TP2,1,4,16.249,0.30926,15.86,74.475,0.93865,0.010605,19.133,85.61,0.23157,82.137,10.496,10.588,0
MOValley,TP3,101,101,101,163,enet,operational_agronomic_plus_satellite,0.5392,13.67,16.443,0.95092,59.391,59.303,satellite@TP3:enet,0.53121,13.616,16.586,0.95092,58.747,58.907,enet 2/4; catboost 2/4,satellite@TP3:enet 2/4; operational@TP3:enet 1/4; operational@TP3:catboost 1/4,TP3,0,4,13.906,0.53552,13.669,59.799,0.96933,0.010605,19.133,85.61,0.48656,82.137,27.8,28.282,0
MOValley,TP4,127,127,127,163,enet,operational_agronomic_plus_satellite,0.53131,13.326,16.584,0.92025,60.485,60.994,operational@TP3:enet,0.49025,14.175,17.295,0.92025,59.265,59.669,enet 2/4; catboost 1/4; hgb 1/4,operational@TP3:enet 1/4; satellite@TP4:enet 1/4; satellite@TP3:enet 1/4; satellite@TP4:hgb 1/4,TP3,2,4,13.728,0.51102,13.595,60.284,0.90798,0.010605,19.133,85.61,0.21315,82.137,25.741,27.354,0
MOValley,TP5,135,135,135,163,enet,operational_agronomic_plus_satellite,0.53904,13.345,16.446,0.92025,58.268,59.421,operational@TP3:enet,0.49025,14.175,17.295,0.92025,59.265,59.669,enet 3/4; hgb 1/4,operational@TP3:enet 1/4; satellite@TP4:enet 1/4; satellite@TP3:enet 1/4; satellite@TP4:hgb 1/4,TP3,4,4,13.728,0.52581,13.504,59.162,0.90798,0.010605,19.133,85.61,0.11514,82.137,27.657,27.354,0
MOValley,TP6,143,143,143,163,xgb,operational_agronomic_plus_satellite,0.5147,13.852,16.875,0.90184,58.102,58.453,operational@TP6:xgb,0.4967,13.814,17.185,0.90184,59.687,60.737,xgb 2/4; enet 2/4,operational@TP6:xgb 1/4; satellite@TP6:enet 1/4; satellite@TP6:xgb 1/4; satellite@TP4:hgb 1/4,TP6,1,4,13.567,0.50699,13.903,58.784,0.90184,0.010605,19.133,85.61,0.1185,82.137,28.835,26.054,0
Scottsbluff,TP1,46,46,46,489,enet,operational_agronomic_plus_satellite,0.3151,21.602,28.254,0.91411,96.033,96.128,operational@TP1:enet,0.30703,21.829,28.42,0.91411,95.864,96.313,enet 5/5,operational@TP1:enet 3/5; agronomic_preseason:enet 2/5,TP1,2,5,21.887,0.11294,25.543,110.23,0.90593,0.29018,21.999,96.907,0.041733,114.49,16.04,15.878,15.359
Scottsbluff,TP2,59,59,59,489,enet,operational_agronomic_plus_satellite,0.31994,21.493,28.154,0.92025,97.588,98.191,agronomic_preseason:enet,0.31248,21.66,28.308,0.91616,96.664,96.34,enet 4/5; catboost 1/5,agronomic_preseason:enet 2/5; operational@TP2:enet 2/5; operational@TP1:enet 1/5,TP0,3,5,21.822,0.17545,24.346,108.95,0.91411,0.29018,21.999,96.907,0.11337,114.49,14.238,15.854,15.359
Scottsbluff,TP3,80,80,80,489,enet,operational_agronomic_plus_satellite,0.3126,21.537,28.305,0.91207,97.399,97.565,operational@TP2:enet,0.31967,21.422,28.159,0.9182,96.907,96.564,enet 5/5,operational@TP2:enet 2/5; agronomic_preseason:enet 1/5; operational@TP1:enet 1/5; operational@TP3:enet 1/5,TP2,4,5,21.82,0.19452,23.888,106.92,0.91616,0.29018,21.999,96.907,0.10384,114.49,14.784,15.659,15.359
Scottsbluff,TP4,91,91,91,489,catboost,operational_agronomic_plus_satellite,0.32723,21.053,28.003,0.89775,95.127,94.589,operational@TP4:catboost,0.31835,21.396,28.187,0.90389,95.278,94.761,catboost 2/5; rf 2/5; enet 1/5,operational@TP4:catboost 2/5; operational@TP2:enet 1/5; operational@TP1:enet 1/5; operational@TP3:enet 1/5,TP4,3,5,21.688,0.20247,23.838,106,0.91411,0.29018,21.999,96.907,0.088827,114.49,17.383,17.234,15.359
Scottsbluff,TP5,113,113,113,489,enet,operational_agronomic_plus_satellite,0.32227,21.125,28.105,0.91411,95.606,95.593,operational@TP4:catboost,0.31897,21.384,28.174,0.90798,94.731,94.516,enet 3/5; rf 1/5; catboost 1/5,operational@TP4:catboost 1/5; operational@TP5:enet 1/5; operational@TP1:enet 1/5; operational@TP5:catboost 1/5; operational@TP3:enet 1/5,TP5,3,5,21.659,0.2108,23.552,106.73,0.92025,0.29018,21.999,96.907,0.14411,114.49,16.507,17.447,15.359
Scottsbluff,TP6,128,128,128,489,catboost,operational_agronomic_plus_satellite,0.34471,20.995,27.636,0.92434,93.657,93.139,operational@TP6:catboost,0.33887,21.067,27.759,0.92434,94.301,94.422,catboost 4/5; enet 1/5,operational@TP6:catboost 2/5; operational@TP5:enet 1/5; operational@TP1:enet 1/5; operational@TP3:enet 1/5,TP6,3,5,21.513,0.19629,23.897,103.87,0.8998,0.29018,21.999,96.907,0.10315,114.49,18.65,17.529,15.359
