validation,stage,stage_order,stage_label,ranker,method,budget,recall,recall_unit_mean,precision,random_recall,oracle_recall,lift,skill,n_units,n_poor,n_selected,hits
site,records,0,Records only,forecast,forecast,0.1000,0.1423,0.1463,0.3568,0.1000,0.3989,1.4239,0.1417,5,534,213,76
site,records,0,Records only,forecast,forecast,0.2000,0.2397,0.2504,0.2998,0.2004,0.7996,1.1963,0.0656,5,534,427,128
site,records,0,Records only,forecast,forecast,0.2500,0.2884,0.2993,0.2889,0.2501,0.9981,1.1530,0.0512,5,534,533,154
site,records,0,Records only,lower_bound,lower_bound,0.1000,0.1404,0.1545,0.3521,0.1000,0.3989,1.4052,0.1355,5,534,213,75
site,records,0,Records only,lower_bound,lower_bound,0.2000,0.2566,0.2714,0.3208,0.2004,0.7996,1.2804,0.0937,5,534,427,137
site,records,0,Records only,lower_bound,lower_bound,0.2500,0.3052,0.3300,0.3058,0.2501,0.9981,1.2204,0.0737,5,534,533,163
site,records,0,Records only,relative_forecast,relative_forecast,0.1000,0.1536,0.1562,0.3850,0.1000,0.3989,1.5363,0.1793,5,534,213,82
site,records,0,Records only,relative_forecast,relative_forecast,0.2000,0.2772,0.2925,0.3466,0.2004,0.7996,1.3832,0.1281,5,534,427,148
site,records,0,Records only,relative_forecast,relative_forecast,0.2500,0.3408,0.3574,0.3415,0.2501,0.9981,1.3627,0.1213,5,534,533,182
site,records,0,Records only,records_only,relative_forecast,0.1000,0.1536,0.1562,0.3850,0.1000,0.3989,1.5363,0.1793,5,534,213,82
site,records,0,Records only,records_only,relative_forecast,0.2000,0.2772,0.2925,0.3466,0.2004,0.7996,1.3832,0.1281,5,534,427,148
site,records,0,Records only,records_only,relative_forecast,0.2500,0.3408,0.3574,0.3415,0.2501,0.9981,1.3627,0.1213,5,534,533,182
site,tp1,1,+ TP1,forecast,forecast,0.1000,0.2097,0.2146,0.5258,0.1000,0.3989,2.0984,0.3673,5,534,213,112
site,tp1,1,+ TP1,forecast,forecast,0.2000,0.3408,0.3411,0.4262,0.2004,0.7996,1.7009,0.2344,5,534,427,182
site,tp1,1,+ TP1,forecast,forecast,0.2500,0.3970,0.3962,0.3977,0.2501,0.9981,1.5873,0.1964,5,534,533,212
site,tp1,1,+ TP1,lower_bound,lower_bound,0.1000,0.1367,0.1316,0.3427,0.1000,0.3989,1.3677,0.1229,5,534,213,73
site,tp1,1,+ TP1,lower_bound,lower_bound,0.2000,0.2753,0.2647,0.3443,0.2004,0.7996,1.3738,0.1250,5,534,427,147
site,tp1,1,+ TP1,lower_bound,lower_bound,0.2500,0.3352,0.3228,0.3358,0.2501,0.9981,1.3402,0.1138,5,534,533,179
site,tp1,1,+ TP1,relative_forecast,relative_forecast,0.1000,0.1873,0.1919,0.4695,0.1000,0.3989,1.8735,0.2921,5,534,213,100
site,tp1,1,+ TP1,relative_forecast,relative_forecast,0.2000,0.3277,0.3394,0.4098,0.2004,0.7996,1.6355,0.2125,5,534,427,175
site,tp1,1,+ TP1,relative_forecast,relative_forecast,0.2500,0.3783,0.3831,0.3790,0.2501,0.9981,1.5124,0.1713,5,534,533,202
site,tp1,1,+ TP1,records_only,relative_forecast,0.1000,0.1536,0.1562,0.3850,0.1000,0.3989,1.5363,0.1793,5,534,213,82
site,tp1,1,+ TP1,records_only,relative_forecast,0.2000,0.2772,0.2925,0.3466,0.2004,0.7996,1.3832,0.1281,5,534,427,148
site,tp1,1,+ TP1,records_only,relative_forecast,0.2500,0.3408,0.3574,0.3415,0.2501,0.9981,1.3627,0.1213,5,534,533,182
site,tp1,1,+ TP1,naive_imagery,naive_imagery,0.1000,0.1798,0.1878,0.4507,0.1000,0.3989,1.7986,0.2670,5,534,213,96
site,tp1,1,+ TP1,naive_imagery,naive_imagery,0.2000,0.3034,0.3074,0.3794,0.2004,0.7996,1.5140,0.1719,5,534,427,162
site,tp1,1,+ TP1,naive_imagery,naive_imagery,0.2500,0.3614,0.3642,0.3621,0.2501,0.9981,1.4450,0.1488,5,534,533,193
site,tp2,2,+ TP1-TP2,forecast,forecast,0.1000,0.1929,0.1898,0.4836,0.1000,0.3989,1.9297,0.3109,5,534,213,103
site,tp2,2,+ TP1-TP2,forecast,forecast,0.2000,0.3109,0.3147,0.3888,0.2004,0.7996,1.5514,0.1844,5,534,427,166
site,tp2,2,+ TP1-TP2,forecast,forecast,0.2500,0.3689,0.3682,0.3696,0.2501,0.9981,1.4750,0.1588,5,534,533,197
site,tp2,2,+ TP1-TP2,lower_bound,lower_bound,0.1000,0.1592,0.1643,0.3991,0.1000,0.3989,1.5925,0.1981,5,534,213,85
site,tp2,2,+ TP1-TP2,lower_bound,lower_bound,0.2000,0.2734,0.2798,0.3419,0.2004,0.7996,1.3645,0.1219,5,534,427,146
site,tp2,2,+ TP1-TP2,lower_bound,lower_bound,0.2500,0.3202,0.3203,0.3208,0.2501,0.9981,1.2803,0.0937,5,534,533,171
site,tp2,2,+ TP1-TP2,relative_forecast,relative_forecast,0.1000,0.1966,0.1995,0.4930,0.1000,0.3989,1.9672,0.3234,5,534,213,105
site,tp2,2,+ TP1-TP2,relative_forecast,relative_forecast,0.2000,0.3315,0.3421,0.4145,0.2004,0.7996,1.6542,0.2187,5,534,427,177
site,tp2,2,+ TP1-TP2,relative_forecast,relative_forecast,0.2500,0.3989,0.4133,0.3996,0.2501,0.9981,1.5948,0.1989,5,534,533,213
site,tp2,2,+ TP1-TP2,records_only,relative_forecast,0.1000,0.1536,0.1562,0.3850,0.1000,0.3989,1.5363,0.1793,5,534,213,82
site,tp2,2,+ TP1-TP2,records_only,relative_forecast,0.2000,0.2772,0.2925,0.3466,0.2004,0.7996,1.3832,0.1281,5,534,427,148
site,tp2,2,+ TP1-TP2,records_only,relative_forecast,0.2500,0.3408,0.3574,0.3415,0.2501,0.9981,1.3627,0.1213,5,534,533,182
site,tp2,2,+ TP1-TP2,naive_imagery,naive_imagery,0.1000,0.1948,0.1978,0.4883,0.1000,0.3989,1.9485,0.3171,5,534,213,104
site,tp2,2,+ TP1-TP2,naive_imagery,naive_imagery,0.2000,0.3277,0.3325,0.4098,0.2004,0.7996,1.6355,0.2125,5,534,427,175
site,tp2,2,+ TP1-TP2,naive_imagery,naive_imagery,0.2500,0.3914,0.3908,0.3921,0.2501,0.9981,1.5648,0.1889,5,534,533,209
site,tp3,3,+ TP1-TP3,forecast,forecast,0.1000,0.1873,0.2089,0.4695,0.1000,0.3989,1.8735,0.2921,5,534,213,100
site,tp3,3,+ TP1-TP3,forecast,forecast,0.2000,0.2940,0.3277,0.3677,0.2004,0.7996,1.4673,0.1562,5,534,427,157
site,tp3,3,+ TP1-TP3,forecast,forecast,0.2500,0.3390,0.3798,0.3396,0.2501,0.9981,1.3552,0.1188,5,534,533,181
site,tp3,3,+ TP1-TP3,lower_bound,lower_bound,0.1000,0.2097,0.2280,0.5258,0.1000,0.3989,2.0984,0.3673,5,534,213,112
site,tp3,3,+ TP1-TP3,lower_bound,lower_bound,0.2000,0.3427,0.3762,0.4286,0.2004,0.7996,1.7103,0.2375,5,534,427,183
site,tp3,3,+ TP1-TP3,lower_bound,lower_bound,0.2500,0.3970,0.4331,0.3977,0.2501,0.9981,1.5873,0.1964,5,534,533,212
site,tp3,3,+ TP1-TP3,relative_forecast,relative_forecast,0.1000,0.1667,0.1841,0.4178,0.1000,0.3989,1.6674,0.2232,5,534,213,89
site,tp3,3,+ TP1-TP3,relative_forecast,relative_forecast,0.2000,0.2753,0.3045,0.3443,0.2004,0.7996,1.3738,0.1250,5,534,427,147
site,tp3,3,+ TP1-TP3,relative_forecast,relative_forecast,0.2500,0.3202,0.3599,0.3208,0.2501,0.9981,1.2803,0.0937,5,534,533,171
site,tp3,3,+ TP1-TP3,records_only,relative_forecast,0.1000,0.1536,0.1562,0.3850,0.1000,0.3989,1.5363,0.1793,5,534,213,82
site,tp3,3,+ TP1-TP3,records_only,relative_forecast,0.2000,0.2772,0.2925,0.3466,0.2004,0.7996,1.3832,0.1281,5,534,427,148
site,tp3,3,+ TP1-TP3,records_only,relative_forecast,0.2500,0.3408,0.3574,0.3415,0.2501,0.9981,1.3627,0.1213,5,534,533,182
site,tp3,3,+ TP1-TP3,naive_imagery,naive_imagery,0.1000,0.1891,0.2074,0.4742,0.1000,0.3989,1.8923,0.2984,5,534,213,101
site,tp3,3,+ TP1-TP3,naive_imagery,naive_imagery,0.2000,0.3165,0.3539,0.3958,0.2004,0.7996,1.5794,0.1937,5,534,427,169
site,tp3,3,+ TP1-TP3,naive_imagery,naive_imagery,0.2500,0.3577,0.3996,0.3583,0.2501,0.9981,1.4300,0.1438,5,534,533,191
site,tp4,4,+ TP1-TP4,forecast,forecast,0.1000,0.1704,0.1873,0.4272,0.1000,0.3989,1.7049,0.2357,5,534,213,91
site,tp4,4,+ TP1-TP4,forecast,forecast,0.2000,0.2809,0.3096,0.3513,0.2004,0.7996,1.4019,0.1344,5,534,427,150
site,tp4,4,+ TP1-TP4,forecast,forecast,0.2500,0.3296,0.3584,0.3302,0.2501,0.9981,1.3177,0.1062,5,534,533,176
site,tp4,4,+ TP1-TP4,lower_bound,lower_bound,0.1000,0.1966,0.1905,0.4930,0.1000,0.3989,1.9672,0.3234,5,534,213,105
site,tp4,4,+ TP1-TP4,lower_bound,lower_bound,0.2000,0.2978,0.2978,0.3724,0.2004,0.7996,1.4860,0.1625,5,534,427,159
site,tp4,4,+ TP1-TP4,lower_bound,lower_bound,0.2500,0.3689,0.3660,0.3696,0.2501,0.9981,1.4750,0.1588,5,534,533,197
site,tp4,4,+ TP1-TP4,relative_forecast,relative_forecast,0.1000,0.1648,0.1793,0.4131,0.1000,0.3989,1.6487,0.2169,5,534,213,88
site,tp4,4,+ TP1-TP4,relative_forecast,relative_forecast,0.2000,0.2678,0.2916,0.3349,0.2004,0.7996,1.3364,0.1125,5,534,427,143
site,tp4,4,+ TP1-TP4,relative_forecast,relative_forecast,0.2500,0.3221,0.3518,0.3227,0.2501,0.9981,1.2878,0.0962,5,534,533,172
site,tp4,4,+ TP1-TP4,records_only,relative_forecast,0.1000,0.1536,0.1562,0.3850,0.1000,0.3989,1.5363,0.1793,5,534,213,82
site,tp4,4,+ TP1-TP4,records_only,relative_forecast,0.2000,0.2772,0.2925,0.3466,0.2004,0.7996,1.3832,0.1281,5,534,427,148
site,tp4,4,+ TP1-TP4,records_only,relative_forecast,0.2500,0.3408,0.3574,0.3415,0.2501,0.9981,1.3627,0.1213,5,534,533,182
site,tp4,4,+ TP1-TP4,naive_imagery,naive_imagery,0.1000,0.1442,0.1616,0.3615,0.1000,0.3989,1.4426,0.1480,5,534,213,77
site,tp4,4,+ TP1-TP4,naive_imagery,naive_imagery,0.2000,0.2603,0.2789,0.3255,0.2004,0.7996,1.2991,0.1000,5,534,427,139
site,tp4,4,+ TP1-TP4,naive_imagery,naive_imagery,0.2500,0.3146,0.3426,0.3152,0.2501,0.9981,1.2578,0.0862,5,534,533,168
site,tp5,5,+ TP1-TP5,forecast,forecast,0.1000,0.1854,0.2065,0.4648,0.1000,0.3989,1.8548,0.2858,5,534,213,99
site,tp5,5,+ TP1-TP5,forecast,forecast,0.2000,0.3221,0.3511,0.4028,0.2004,0.7996,1.6075,0.2031,5,534,427,172
site,tp5,5,+ TP1-TP5,forecast,forecast,0.2500,0.3801,0.4111,0.3809,0.2501,0.9981,1.5199,0.1738,5,534,533,203
site,tp5,5,+ TP1-TP5,lower_bound,lower_bound,0.1000,0.1629,0.1772,0.4085,0.1000,0.3989,1.6300,0.2107,5,534,213,87
site,tp5,5,+ TP1-TP5,lower_bound,lower_bound,0.2000,0.2772,0.3022,0.3466,0.2004,0.7996,1.3832,0.1281,5,534,427,148
site,tp5,5,+ TP1-TP5,lower_bound,lower_bound,0.2500,0.3427,0.3655,0.3433,0.2501,0.9981,1.3701,0.1238,5,534,533,183
site,tp5,5,+ TP1-TP5,relative_forecast,relative_forecast,0.1000,0.1816,0.1966,0.4554,0.1000,0.3989,1.8173,0.2733,5,534,213,97
site,tp5,5,+ TP1-TP5,relative_forecast,relative_forecast,0.2000,0.3052,0.3397,0.3817,0.2004,0.7996,1.5234,0.1750,5,534,427,163
site,tp5,5,+ TP1-TP5,relative_forecast,relative_forecast,0.2500,0.3539,0.3917,0.3546,0.2501,0.9981,1.4151,0.1388,5,534,533,189
site,tp5,5,+ TP1-TP5,records_only,relative_forecast,0.1000,0.1536,0.1562,0.3850,0.1000,0.3989,1.5363,0.1793,5,534,213,82
site,tp5,5,+ TP1-TP5,records_only,relative_forecast,0.2000,0.2772,0.2925,0.3466,0.2004,0.7996,1.3832,0.1281,5,534,427,148
site,tp5,5,+ TP1-TP5,records_only,relative_forecast,0.2500,0.3408,0.3574,0.3415,0.2501,0.9981,1.3627,0.1213,5,534,533,182
site,tp5,5,+ TP1-TP5,naive_imagery,naive_imagery,0.1000,0.1255,0.1321,0.3146,0.1000,0.3989,1.2553,0.0854,5,534,213,67
site,tp5,5,+ TP1-TP5,naive_imagery,naive_imagery,0.2000,0.2097,0.2283,0.2623,0.2004,0.7996,1.0467,0.0156,5,534,427,112
site,tp5,5,+ TP1-TP5,naive_imagery,naive_imagery,0.2500,0.2491,0.2756,0.2495,0.2501,0.9981,0.9958,-0.0014,5,534,533,133
site,tp6,6,+ TP1-TP6,forecast,forecast,0.1000,0.1573,0.1755,0.3944,0.1000,0.3989,1.5738,0.1919,5,534,213,84
site,tp6,6,+ TP1-TP6,forecast,forecast,0.2000,0.2828,0.3198,0.3536,0.2004,0.7996,1.4112,0.1375,5,534,427,151
site,tp6,6,+ TP1-TP6,forecast,forecast,0.2500,0.3296,0.3669,0.3302,0.2501,0.9981,1.3177,0.1062,5,534,533,176
site,tp6,6,+ TP1-TP6,lower_bound,lower_bound,0.1000,0.1685,0.1821,0.4225,0.1000,0.3989,1.6862,0.2294,5,534,213,90
site,tp6,6,+ TP1-TP6,lower_bound,lower_bound,0.2000,0.2809,0.3087,0.3513,0.2004,0.7996,1.4019,0.1344,5,534,427,150
site,tp6,6,+ TP1-TP6,lower_bound,lower_bound,0.2500,0.3240,0.3558,0.3246,0.2501,0.9981,1.2953,0.0987,5,534,533,173
site,tp6,6,+ TP1-TP6,relative_forecast,relative_forecast,0.1000,0.1629,0.1835,0.4085,0.1000,0.3989,1.6300,0.2107,5,534,213,87
site,tp6,6,+ TP1-TP6,relative_forecast,relative_forecast,0.2000,0.2715,0.2937,0.3396,0.2004,0.7996,1.3551,0.1187,5,534,427,145
site,tp6,6,+ TP1-TP6,relative_forecast,relative_forecast,0.2500,0.3221,0.3473,0.3227,0.2501,0.9981,1.2878,0.0962,5,534,533,172
site,tp6,6,+ TP1-TP6,records_only,relative_forecast,0.1000,0.1536,0.1562,0.3850,0.1000,0.3989,1.5363,0.1793,5,534,213,82
site,tp6,6,+ TP1-TP6,records_only,relative_forecast,0.2000,0.2772,0.2925,0.3466,0.2004,0.7996,1.3832,0.1281,5,534,427,148
site,tp6,6,+ TP1-TP6,records_only,relative_forecast,0.2500,0.3408,0.3574,0.3415,0.2501,0.9981,1.3627,0.1213,5,534,533,182
site,tp6,6,+ TP1-TP6,naive_imagery,naive_imagery,0.1000,0.0805,0.0832,0.2019,0.1000,0.3989,0.8056,-0.0650,5,534,213,43
site,tp6,6,+ TP1-TP6,naive_imagery,naive_imagery,0.2000,0.1554,0.1647,0.1944,0.2004,0.7996,0.7757,-0.0750,5,534,427,83
site,tp6,6,+ TP1-TP6,naive_imagery,naive_imagery,0.2500,0.1854,0.1940,0.1857,0.2501,0.9981,0.7412,-0.0865,5,534,533,99
